species_common_name,species_encoded,year,population_change_rate,population_relative_to_peak,population_relative_to_baseline,population_cv,cumulative_change_rate,is_declining,is_growing,overall_trend,overall_trend_encoded,iucn_status_numeric,taxonomic_group_encoded,population_change_rate_scaled,population_relative_to_peak_scaled,population_relative_to_baseline_scaled,population_cv_scaled,cumulative_change_rate_scaled,sequence_id
African Elephant,0,1979,0.0,1.0,1.0,0.0,0.0,0,0,stable,2.0,3,2,0.7313769751693001,1.0,0.038084020416175896,0.0,0.4421762601767602,0
African Elephant,0,1980,-5.315384615384611,0.9468461538461539,0.9468461538461539,0.0386116232012252,-5.315384615384611,1,0,stable,2.0,3,2,0.6763033512762632,0.9452022204599526,0.03599710066141162,0.049665074408752806,0.43353095161915955,1
African Elephant,0,1981,-5.613778536030544,0.8936923076923077,0.8936923076923077,0.05613778536030547,-10.929163151415155,1,0,stable,2.0,3,2,0.6732116399991417,0.8904044409199049,0.03391018090664734,0.0722084972323488,0.42440031458537875,2
African Elephant,0,1982,-5.94766741263556,0.8405384615384616,0.8405384615384616,0.059476674126355655,-16.876830564050714,1,0,stable,2.0,3,2,0.669752159313776,0.8356066613798574,0.03182326115188306,0.07650321849139106,0.4147266176281737,3
African Elephant,0,1983,-6.323785119428937,0.7873846153846153,0.7873846153846153,0.06323785119428937,-23.20061568347965,1,0,stable,2.0,3,2,0.6658551383788287,0.7808088818398097,0.029736341397118782,0.08134111763823386,0.40444117686229025,4
African Elephant,0,1984,-6.750683860883155,0.7342307692307692,0.7342307692307692,0.06750683860883157,-29.951299544362804,1,0,stable,2.0,3,2,0.6614319663172602,0.7260111022997622,0.027649421642354507,0.08683219933890009,0.3934613985066036,5
African Elephant,0,1985,-7.23939235201676,0.681076923076923,0.681076923076923,0.07239392352016762,-37.19069189637956,1,0,stable,2.0,3,2,0.6563683726958082,0.6712133227597146,0.025562501887590225,0.09311832293692837,0.381686750916367,6
African Elephant,0,1986,-7.804382200135529,0.6279230769230769,0.6279230769230769,0.0780438220013553,-44.99507409651509,1,0,stable,2.0,3,2,0.6505144146757965,0.616415543219667,0.02347558213282595,0.10038563275728273,0.3689931648254693,7
African Elephant,0,1987,-8.465025113316182,0.5747692307692308,0.5747692307692308,0.08465025113316181,-53.46009920983127,1,0,stable,2.0,3,2,0.643669378622751,0.5616177636796195,0.021388662378061675,0.10888330178034807,0.3552250634841967,8
African Elephant,0,1988,-9.247858672376875,0.5216153846153846,0.5216153846153846,0.09247858672376873,-62.70795788220815,1,0,stable,2.0,3,2,0.6355583040491876,0.5068199841395719,0.019301742623297393,0.11895267564681228,0.3401837075890135,9
African Elephant,0,1989,-10.19023742810795,0.4684615384615385,0.4684615384615385,0.10190237428107947,-72.8981953103161,1,0,stable,2.0,3,2,0.6257941539615902,0.45202220459952425,0.017214822868533118,0.13107423572230958,0.32360960181570453,10
African Elephant,0,1990,-0.7935960591132996,0.4647438461538462,0.4647438461538462,0.065607959431513,-73.6917913694294,1,0,stable,2.0,3,2,0.7231543884620089,0.44818953211736723,0.017068859291474135,0.08438972301141523,0.32231884238857433,11
African Elephant,0,1991,-0.8001099033876358,0.4610253846153846,0.4610253846153846,0.008000275876337504,-74.49190127281703,1,0,stable,2.0,3,2,0.7230868973892792,0.4443560666137986,0.01692286551297152,0.010290535951263613,0.3210174883953455,12
African Elephant,0,1992,-0.806396444046964,0.4573076923076923,0.4573076923076923,0.008064794230178933,-75.298297716864,1,0,stable,2.0,3,2,0.7230217614488135,0.4405233941316416,0.016776901935912535,0.010373524144418961,0.3197059095383123,13
African Elephant,0,1993,-0.8129520605550833,0.45359,0.45359,0.008129520605551213,-76.11124977741908,1,0,stable,2.0,3,2,0.7229538375667091,0.4366907216494846,0.016630938358853552,0.010456779909977431,0.31838366817393504,14
African Elephant,0,1994,-0.8197847259554969,0.44987153846153843,0.44987153846153843,0.008197003971657279,-76.93103450337458,1,0,stable,2.0,3,2,0.7228830431328763,0.43285725614591597,0.01648494458035094,0.010543581917278291,0.31705031369076553,15
African Elephant,0,1995,-0.8263897557080346,0.4461538461538462,0.4461538461538462,0.008264747806133782,-77.75742425908261,1,0,stable,2.0,3,2,0.7228146072715578,0.429024583663759,0.01633898100329196,0.010630718957916951,0.3157062163311393,16
African Elephant,0,1996,-1.9705172413793104,0.4373623076923077,0.4373623076923077,0.014453019150133237,-79.72794150046192,1,0,stable,2.0,3,2,0.7109601035261149,0.41996114195083273,0.015993808704056055,0.01859052306041667,0.31250123102857275,17
African Elephant,0,1997,-2.0099512637823613,0.42857153846153845,0.42857153846153845,0.02010038025773249,-81.73789276424428,1,0,stable,2.0,3,2,0.7105515207657763,0.41089849325931804,0.015648666606263777,0.025854569126553397,0.30923210750911123,18
African Elephant,0,1998,-2.0513584483696334,0.41978,0.41978,0.02051269932712502,-83.78925121261392,1,0,stable,2.0,3,2,0.710122493729082,0.40183505154639176,0.015303494307027878,0.026384923863385024,0.3058956364855345,19
African Elephant,0,1999,-2.0941372220613763,0.4109892307692308,0.4109892307692308,0.02094227566616839,-85.8833884346753,1,0,stable,2.0,3,2,0.7096792554192737,0.39277240285487713,0.014958352209235604,0.0269374761539645,0.3024895871106169,20
African Elephant,0,2000,-2.1391165031462545,0.4021976923076923,0.4021976923076923,0.021390242554973973,-88.02250493782155,1,0,stable,2.0,3,2,0.7092132172698841,0.38370896114195086,0.0146131799099997,0.027513683705489574,0.2990103803271926,21
African Elephant,0,2001,-2.1856836572906158,0.3934069230769231,0.3934069230769231,0.021857778929458036,-90.20818859511216,1,0,stable,2.0,3,2,0.7087307268917292,0.3746463124504362,0.014268037812207425,0.028115062950970576,0.2954554335088776,22
African Elephant,0,2002,-2.23471879772168,0.38461538461538464,0.38461538461538464,0.02234622489610011,-92.44290739283385,1,0,stable,2.0,3,2,0.7082226652786849,0.36558287073751,0.013922865512971522,0.028743337632703304,0.2918207325523643,23
African Elephant,0,2003,-1.1199999999999988,0.3803076923076923,0.3803076923076923,0.01729116440675773,-93.56290739283385,1,0,stable,2.0,3,2,0.7197724604966139,0.36114195083267253,0.01375373742864909,0.022241151644936563,0.28999908721808554,24
African Elephant,0,2004,-1.132686084142398,0.376,0.376,0.011326860841424376,-94.69559347697624,1,0,stable,2.0,3,2,0.7196410177737841,0.3567010309278351,0.01358460934432666,0.014569431167790935,0.28815680836060287,25
African Elephant,0,2005,-1.1456628477905073,0.3716923076923077,0.3716923076923077,0.011456628477905507,-95.84125632476675,1,0,stable,2.0,3,2,0.7195065632700711,0.3522601110229977,0.01341548126000423,0.014736347727814725,0.28629342319869744,26
African Elephant,0,2006,-1.1589403973509937,0.36738461538461537,0.36738461538461537,0.011589403973510371,-97.00019672211774,1,0,stable,2.0,3,2,0.7193689922712391,0.34781919111816023,0.013246353175681798,0.014907133214726486,0.28440844251339237,27
African Elephant,0,2007,-1.1725293132328285,0.3630769230769231,0.3630769230769231,0.011725293132328752,-98.17272603535056,1,0,stable,2.0,3,2,0.7192281951518313,0.3433782712133228,0.01307722509135937,0.015081923721431823,0.2825013598770033,28
African Elephant,0,2008,-3.6237288135593237,0.34992,0.34992,0.025264111287764297,-101.79645484890989,1,0,stable,2.0,3,2,0.6938308910739563,0.32981443298969076,0.012560659599528859,0.03249653505729877,0.27660747712172473,29
African Elephant,0,2009,-3.75998030319018,0.33676307692307694,0.33676307692307694,0.03759980303190191,-105.55643515210006,1,0,stable,2.0,3,2,0.6924191657073522,0.31625059476605877,0.01204409410769835,0.048363597810998075,0.2704919855357546,30
African Elephant,0,2010,-3.9068781521818585,0.3236061538461538,0.3236061538461538,0.0390687815218187,-109.46331330428193,1,0,stable,2.0,3,2,0.6908971315609147,0.30268675654242666,0.01152752861586784,0.050253104647485065,0.26413756914511366,31
African Elephant,0,2011,-4.065958620165066,0.31044846153846156,0.31044846153846156,0.04065842989399753,-113.52927192444699,1,0,stable,2.0,3,2,0.6892488711815853,0.28912212529738307,0.011010932922593702,0.05229782585168218,0.2575244132970829,32
African Elephant,0,2012,-4.2380377766159665,0.29729153846153844,0.29729153846153844,0.042381581670293794,-117.76730970106296,1,0,stable,2.0,3,2,0.6874659291316765,0.275558287073751,0.010494367430763192,0.054514268831593285,0.2506313760271992,33
African Elephant,0,2013,-4.42559621609454,0.2841346153846154,0.2841346153846154,0.044255962160945496,-122.1929059171575,1,0,stable,2.0,3,2,0.6855226035397879,0.26199444885011897,0.009977801938932681,0.056925233168766694,0.24343328076072546,34
African Elephant,0,2014,-4.630524534686975,0.2709776923076923,0.2709776923076923,0.046305245346869854,-126.82343045184447,1,0,stable,2.0,3,2,0.6833993056112567,0.24843061062648697,0.009461236447102173,0.059561170057074196,0.23590187592690756,35
African Elephant,0,2015,8.903656559864427,0.2951046153846154,0.2951046153846154,0.04262430769907771,-117.91977389198004,0,1,stable,2.0,3,2,0.823629308374216,0.27330372720063445,0.01040850472652593,0.05482648068079914,0.25038339773967355,36
African Elephant,0,2016,8.175457986216106,0.3192307692307692,0.3192307692307692,0.08175595422044131,-109.74431590576394,0,1,stable,2.0,3,2,0.8160843163808846,0.29817605075337034,0.011355742804506056,0.10516044685704802,0.2636805271112655,37
African Elephant,0,2017,0.0,0.3192307692307692,0.3192307692307692,0.044761395944575136,-109.74431590576394,0,0,stable,2.0,3,2,0.7313769751693001,0.29817605075337034,0.011355742804506056,0.05757535881465943,0.2636805271112655,38
African Elephant,0,2018,0.0,0.3192307692307692,0.3192307692307692,0.0,-109.74431590576394,0,0,stable,2.0,3,2,0.7313769751693001,0.29817605075337034,0.011355742804506056,0.0,0.2636805271112655,39
African Elephant,0,2019,0.0,0.3192307692307692,0.3192307692307692,0.0,-109.74431590576394,0,0,stable,2.0,3,2,0.7313769751693001,0.29817605075337034,0.011355742804506056,0.0,0.2636805271112655,40
African Elephant,0,2020,0.0,0.3192307692307692,0.3192307692307692,0.0,-109.74431590576394,0,0,stable,2.0,3,2,0.7313769751693001,0.29817605075337034,0.011355742804506056,0.0,0.2636805271112655,41
African Elephant,0,2021,0.0,0.3192307692307692,0.3192307692307692,0.0,-109.74431590576394,0,0,stable,2.0,3,2,0.7313769751693001,0.29817605075337034,0.011355742804506056,0.0,0.2636805271112655,42
African Elephant,0,2022,0.0,0.3192307692307692,0.3192307692307692,0.0,-109.74431590576394,0,0,stable,2.0,3,2,0.7313769751693001,0.29817605075337034,0.011355742804506056,0.0,0.2636805271112655,43
Asian Elephant,1,1993,0.0,0.8154196862985268,1.0,0.0,0.0,0,0,moderate_decline,1.0,3,2,0.7313769751693001,0.809711016802605,0.038084020416175896,0.0,0.4421762601767602,0
Asian Elephant,1,1994,0.9263122757239506,0.8229730189513796,1.0092631227572395,0.006519819970237692,0.9263122757239506,0,1,moderate_decline,1.0,3,2,0.7409746576649501,0.8174979576818348,0.03844770799989162,0.008386266028392523,0.44368287842243676,1
Asian Elephant,1,1995,0.9178104845377844,0.8305263516042326,1.0185262455144788,0.009178104845377837,1.844122760261735,0,1,moderate_decline,1.0,3,2,0.7408865691287322,0.8252848985610647,0.038811395583607335,0.011805545125659485,0.4451756687678925,2
Asian Elephant,1,1996,0.9053666530110638,0.8380456602361267,1.0277476424935326,0.009074281559680483,2.7494894132727987,0,1,moderate_decline,1.0,3,2,0.7407576364273606,0.8330367631300276,0.03917344493496398,0.011672000074143582,0.44664821960652573,3
Asian Elephant,1,1997,0.9013032357598094,0.8455989928889797,1.0370107652507718,0.00899261867450459,3.650792649032608,0,1,moderate_decline,1.0,3,2,0.7407155346549379,0.8408237040092574,0.0395371325186797,0.011566959339451925,0.4481141614227688,4
Asian Elephant,1,1998,1.235263348489113,0.8560443673233302,1.0498205791538011,0.01067610452829992,4.886055997521721,0,1,moderate_decline,1.0,3,2,0.7441757534301693,0.8515921312611653,0.04004006985291721,0.013732381128613452,0.45012327902578736,5
Asian Elephant,1,1999,1.2241653418123999,0.8665237657786398,1.0626721188350163,0.012221624071010925,6.110221339334121,0,1,moderate_decline,1.0,3,2,0.7440607650539929,0.86239563482334,0.040544645419513796,0.015720340626946275,0.4521143460644466,6
Asian Elephant,1,2000,1.2054342704570509,0.8769691402129903,1.0754819327380456,0.012074138535188088,7.315655609791172,0,1,moderate_decline,1.0,3,2,0.7438666891679409,0.8731640620752479,0.041047582753751304,0.015530634017807307,0.45407494759530187,7
Asian Elephant,1,2001,1.1949563530552876,0.8874485386682999,1.0883334724192606,0.011930015861469308,8.51061196284646,0,1,moderate_decline,1.0,3,2,0.743758125644523,0.8839675656374226,0.041552158320347886,0.015345252966176084,0.4560185071178108,8
Asian Elephant,1,2002,1.1770118467967716,0.8978939131026504,1.1011432863222899,0.011789443902770367,9.687623809643231,0,1,moderate_decline,1.0,3,2,0.743572199496156,0.8947359928893305,0.042055095654585394,0.015164439102118035,0.45793288045630026,9
Asian Elephant,1,2003,0.958696475937848,0.906501990405226,1.111699908203288,0.010633762811019697,10.64632028558108,0,1,moderate_decline,1.0,3,2,0.7413101959922227,0.9036102993868311,0.042469568441432584,0.013677918136256012,0.45949217060128394,10
Asian Elephant,1,2004,0.9533460946590022,0.9151440917287605,1.122298255862472,0.00951458142245075,11.599666380240082,0,1,moderate_decline,1.0,3,2,0.7412547597618167,0.9125196821945986,0.04288567946063887,0.012238345739869315,0.46104275851672005,11
Asian Elephant,1,2005,0.9406253485518823,0.9237521690313362,1.13285487774347,0.00942496583339309,12.540291728791964,0,1,moderate_decline,1.0,3,2,0.7411229579003455,0.9213939886920992,0.04330015224748606,0.012123075659781313,0.46257265653233964,12
Asian Elephant,1,2006,0.9355432780847162,0.9323942703548705,1.1434532254026537,0.009336907994947742,13.475835006876679,0,1,moderate_decline,1.0,3,2,0.7410703016848957,0.9303033714998666,0.04371626326669233,0.012009809271681802,0.46409428871764224,13
Asian Elephant,1,2007,0.9232228871697501,0.9410023476574462,1.1540098472836517,0.00925059290236694,14.399057894046429,0,1,moderate_decline,1.0,3,2,0.7409426479731582,0.9391776779973673,0.04413073605353953,0.011898784529901769,0.4655958821684567,14
Asian Elephant,1,2008,1.254655240987823,0.9528086829301486,1.1684886923141116,0.010879120772201666,15.653713135034252,0,1,moderate_decline,1.0,3,2,0.7443766761989482,0.9513491576599472,0.04469920268214023,0.013993515368088932,0.4676365400844156,15
Asian Elephant,1,2009,1.2391086987573185,0.9646150182028512,1.1829675373445714,0.012391086987573213,16.892821833791572,0,1,moderate_decline,1.0,3,2,0.7442155957726773,0.9635206373225271,0.04526766931074093,0.015938316139571793,0.46965191203062584,16
Asian Elephant,1,2010,1.2204155056259047,0.9763873294545949,1.1974046565968455,0.012221939057873978,18.113237339417477,0,1,moderate_decline,1.0,3,2,0.7440219123494872,0.9756570406748403,0.04583449770698255,0.015720745785929354,0.471636880076791,17
Asian Elephant,1,2011,1.2091856291598369,0.9881936647272975,1.2118835016273053,0.012074296807488474,19.322422968577314,0,1,moderate_decline,1.0,3,2,0.7439055576475024,0.9878285203374203,0.04640296433558325,0.015530837599136548,0.473603583076466,18
Asian Elephant,1,2012,1.1947390166643812,1.0,1.2263623466577651,0.011947390166643724,20.517161985241696,0,1,moderate_decline,1.0,3,2,0.7437558737844006,1.0,0.04697143096418395,0.01536760105951551,0.475546789108062,19
Asian Elephant,1,2013,-1.4153992718859532,0.9858460072811405,1.2090044229324877,0.007651688137941836,19.101762713355743,1,0,moderate_decline,1.0,3,2,0.716711777295809,0.985408254929011,0.04628992630280674,0.009842157081637373,0.47324468600112213,20
Asian Elephant,1,2014,-1.4357204486626363,0.9716920145622809,1.1916464992072102,0.014357204486626399,17.666042264693107,1,0,moderate_decline,1.0,3,2,0.7165012260511026,0.9708165098580216,0.04560842164142954,0.01846727928048758,0.4709095311291266,21
Asian Elephant,1,2015,-1.4531321124689245,0.9575720458643803,1.1743303012601185,0.014548662443594861,16.212910152224183,1,0,moderate_decline,1.0,3,2,0.7163208207759991,0.9562598410972993,0.04492855521241141,0.018713546411745732,0.46854605672486793,22
Asian Elephant,1,2016,-1.4781125639567905,0.9434180531455207,1.156972377534841,0.014763538283833193,14.734797588267392,1,0,moderate_decline,1.0,3,2,0.7160619939761587,0.9416680960263102,0.0442470505510342,0.018989935325479393,0.4661419523894476,23
Asian Elephant,1,2017,-1.5002885170225078,0.9292640604266612,1.1396144538095636,0.015002885170225036,13.234509071244885,1,0,moderate_decline,1.0,3,2,0.7158322250719338,0.9270763509553209,0.043565545889657,0.019297800676288498,0.4637017795527457,24
Asian Elephant,1,2018,-3.5625366139425907,0.8961586880337519,1.099015271634816,0.026279647887218354,9.671972457302294,1,0,moderate_decline,1.0,3,2,0.6944649140903013,0.8929471010657237,0.04197154580427233,0.033802791997439456,0.45790742401615114,25
Asian Elephant,1,2019,-3.694141766961545,0.8630533156408424,1.0584160894600685,0.036941417669615256,5.977830690340749,1,0,moderate_decline,1.0,3,2,0.6931013302249356,0.8588178511761263,0.04037754571888765,0.04751673473463399,0.451899016771553,26
Asian Elephant,1,2020,-3.8397855396988145,0.8299139192269742,1.0177751815071352,0.038378649991493194,2.1380451506419345,1,0,moderate_decline,1.0,3,2,0.6915922897805472,0.8246535249762622,0.03878190740114391,0.04936540734383078,0.4456537244384962,27
Asian Elephant,1,2021,-3.9890127910790385,0.7968085468340649,0.9771759993323875,0.03991008279107722,-1.850967640437104,1,0,moderate_decline,1.0,3,2,0.6900461202910771,0.7905242750866649,0.03718790731575923,0.0513352474499295,0.43916571859988224,28
Asian Elephant,1,2022,-4.154746146291477,0.7637031744411554,0.93657681715764,0.04154746146291455,-6.005713786728581,1,0,moderate_decline,1.0,3,2,0.6883289281907947,0.7563950251970676,0.03559390723037456,0.05344136283255153,0.43240815258871734,29
Asiatic Lion,2,2005,0.0,0.44875,1.0,0.0,0.0,0,0,moderate_recovery,3.0,3,2,0.7313769751693001,0.43170103092783507,0.038084020416175896,0.0,0.4421762601767602,0
Asiatic Lion,2,2006,2.785515320334264,0.46125,1.0278551532033426,0.019426010472152564,2.785515320334264,0,1,moderate_recovery,3.0,3,2,0.7602381835673458,0.4445876288659794,0.03917766600719838,0.024987145723882803,0.446706814629304,1
Asiatic Lion,2,2007,2.981029810298108,0.475,1.0584958217270195,0.02844034522849184,5.766545130632372,0,1,moderate_recovery,3.0,3,2,0.7622639431811925,0.4587628865979382,0.04038067615732311,0.0365820378651899,0.45155536734830004,2
Asiatic Lion,2,2008,2.6315789473684292,0.4875,1.0863509749303621,0.027666288422448802,8.398124078000802,0,1,moderate_recovery,3.0,3,2,0.7586432220506119,0.47164948453608246,0.04147432174834559,0.03558638977579517,0.4558355490547822,3
Asiatic Lion,2,2009,2.8205128205128105,0.50125,1.116991643454039,0.02691024979775356,11.218636898513612,0,1,moderate_recovery,3.0,3,2,0.7606007987497827,0.4858247422680413,0.04267733189847032,0.03461391798004355,0.46042302585814,4
Asiatic Lion,2,2010,2.493765586034913,0.51375,1.1448467966573816,0.02621622505255376,13.712402484548525,0,1,moderate_recovery,3.0,3,2,0.7572153138598199,0.4987113402061857,0.0437709774894928,0.033721212940625,0.4644790583979485,5
Asiatic Lion,2,2011,5.352798053527974,0.54125,1.2061281337047354,0.039447483237930014,19.0652005380765,0,1,moderate_recovery,3.0,3,2,0.7868382461979534,0.5270618556701031,0.04617699778974226,0.05074021830264976,0.47318521875468594,6
Asiatic Lion,2,2012,5.311778290993074,0.57,1.2701949860724233,0.05192735025148856,24.376978829069575,0,1,moderate_recovery,3.0,3,2,0.7864132333084835,0.5567010309278351,0.04869238264909397,0.06679272976039281,0.481824661737285,7
Asiatic Lion,2,2013,4.824561403508776,0.5975,1.3314763231197773,0.049382264321094285,29.201540232578353,0,1,moderate_recovery,3.0,3,2,0.7813650944517048,0.5850515463917527,0.05109840294934344,0.0635190553683333,0.4896716615325023,8
Asiatic Lion,2,2014,4.811715481171541,0.62625,1.3955431754874652,0.047042198834102156,34.01325571374989,0,1,moderate_recovery,3.0,3,2,0.7812319956175561,0.6146907216494846,0.05361378780869514,0.060509093162726506,0.4974977678326391,9
Asiatic Lion,2,2015,4.3912175648702645,0.65375,1.456824512534819,0.04494377851327378,38.40447327862016,0,1,moderate_recovery,3.0,3,2,0.776875143617956,0.6430412371134022,0.0560198081089446,0.057809952522312476,0.5046399472869686,10
Asiatic Lion,2,2016,5.736137667304009,0.69125,1.5403899721448469,0.04965573100938029,44.140610945924166,0,1,moderate_recovery,3.0,3,2,0.7908100945664229,0.6817010309278352,0.05930074488201205,0.06387080808671186,0.5139695976605626,11
Asiatic Lion,2,2017,5.4249547920433905,0.72875,1.6239554317548746,0.054249547920424225,49.56556573796756,0,1,moderate_recovery,3.0,3,2,0.7875858747076278,0.7203608247422681,0.0625816816550795,0.0697797090805438,0.5227931187191334,12
Asiatic Lion,2,2018,5.317324185248706,0.7675,1.7103064066852367,0.05228805615363411,54.88288992321627,0,1,moderate_recovery,3.0,3,2,0.7864706952828251,0.7603092783505155,0.0659719829872492,0.06725669589246587,0.5314415819270853,13
Asiatic Lion,2,2019,4.885993485342022,0.805,1.7938718662952646,0.04970347543121156,59.76888340855829,0,1,moderate_recovery,3.0,3,2,0.7820016029293901,0.7989690721649486,0.06925291976031664,0.06393222043010119,0.539388499101987,14
Asiatic Lion,2,2020,4.658385093167694,0.8425,1.8774373259052926,0.04658385093166982,64.42726850172598,0,1,moderate_recovery,3.0,3,2,0.7796433128163424,0.8376288659793816,0.0725338565333841,0.05991953279742502,0.5469652182718467,15
Asiatic Lion,2,2021,4.747774480712175,0.8825,1.966573816155989,0.045956584799335086,69.17504298243816,0,1,moderate_recovery,3.0,3,2,0.780569491797898,0.8788659793814434,0.07603352242465604,0.05911269753504458,0.5546873265138086,16
Asiatic Lion,2,2022,4.39093484419264,0.92125,2.052924791086351,0.044640514015418464,73.5659778266308,0,1,moderate_recovery,3.0,3,2,0.776872214299874,0.9188144329896908,0.07942382375682573,0.0574198716968309,0.5618290461317066,17
Asiatic Lion,2,2023,4.2062415196743475,0.96,2.139275766016713,0.04206241519673796,77.77221934630515,0,1,moderate_recovery,3.0,3,2,0.7749585746620885,0.9587628865979382,0.08281412508899542,0.054103733729887776,0.5686703677738179,18
Asiatic Lion,2,2024,4.166666666666674,1.0,2.2284122562674096,0.040999552351688485,81.93888601297182,0,1,moderate_recovery,3.0,3,2,0.7745485327313769,1.0,0.08631379098026737,0.05273660233500755,0.5754473221424146,19
Bengal Tiger,3,2006,0.0,0.38321564367191746,1.0,0.0,0.0,0,0,moderate_recovery,3.0,3,2,0.7313769751693001,0.36413983883702833,0.038084020416175896,0.0,0.4421762601767602,0
Bengal Tiger,3,2007,5.244507441530821,0.4033134166214014,1.0524450744153082,0.03613667251919952,5.244507441530821,0,1,moderate_recovery,3.0,3,2,0.7857162283445291,0.3848591923931974,0.040143112462320704,0.04648161306758602,0.4507062892048451,1
Bengal Tiger,3,2008,4.915824915824918,0.423139598044541,1.1041814316087881,0.049506443797417754,10.160332357355738,0,1,moderate_recovery,3.0,3,2,0.7823106915657705,0.40529855468509385,0.04217437894027437,0.06367878403085298,0.45870172627809863,2
Bengal Tiger,3,2009,4.7496790757381335,0.443237370994025,1.1566265060240963,0.04716613918153998,14.910011433093871,0,1,moderate_recovery,3.0,3,2,0.780589225638009,0.42601790824126295,0.04423347098641917,0.06066851424030376,0.4664269322849201,3
Bengal Tiger,3,2010,4.534313725490202,0.46333514394350894,1.2090715804394048,0.045343137254899184,19.44432515858407,0,1,moderate_recovery,3.0,3,2,0.7783577878103837,0.44673726179743195,0.04629256303256399,0.058323636744165706,0.4738018532154519,4
Bengal Tiger,3,2011,7.62016412661195,0.4986420423682781,1.3012048192771084,0.059880035209635245,27.06448928519602,0,1,moderate_recovery,3.0,3,2,0.8103308201831801,0.48313612615286405,0.04990988689741298,0.07702205081579955,0.486195814311596,5
Bengal Tiger,3,2012,7.080610021786482,0.5339489407930472,1.3933380581148123,0.07080610021786105,34.1450993069825,0,1,moderate_recovery,3.0,3,2,0.8047404063205416,0.5195349905082962,0.05352721076226197,0.09107594927016927,0.49771220735627014,6
Bengal Tiger,3,2013,6.612410986775186,0.5692558392178164,1.485471296952516,0.0661241098677484,40.75751029375769,0,1,moderate_recovery,3.0,3,2,0.7998893147388217,0.5559338548637284,0.05714453462711096,0.08505363319431912,0.5084670891619781,7
Bengal Tiger,3,2014,6.202290076335881,0.6045627376425855,1.5776045357902198,0.06202290076335581,46.959800370093575,0,1,moderate_recovery,3.0,3,2,0.7956399807006358,0.5923327192191604,0.06076185849195995,0.079778360143145,0.518554922000729,8
Bengal Tiger,3,2015,8.310871518418693,0.6548071700162955,1.7087172218284905,0.07053241128412158,55.27067188851227,0,1,moderate_recovery,3.0,3,2,0.8174873595249249,0.6441311031095831,0.06590958860732198,0.09072391068354513,0.5320722972911915,9
Bengal Tiger,3,2016,7.673164661965992,0.7050516023900054,1.8398299078667613,0.07673164661965666,62.94383655047826,0,1,moderate_recovery,3.0,3,2,0.810879967942266,0.6959294870000057,0.071057318722684,0.09869781746835364,0.544552462117641,10
Bengal Tiger,3,2017,7.1648690292758,0.7555676262900598,1.9716513111268603,0.07144699882578219,70.10870557975406,0,1,moderate_recovery,3.0,3,2,0.8056134285426092,0.7480078621547009,0.07623287440623716,0.09190031961287631,0.5562058998300508,11
Bengal Tiger,3,2018,6.649892163910853,0.8058120586637697,2.1027639971651313,0.06668671945524493,76.75859774366491,0,1,moderate_recovery,3.0,3,2,0.8002776637299114,0.7998062460451235,0.0813806045215992,0.08577730251224631,0.5670217436102698,12
Bengal Tiger,3,2019,6.033029996629602,0.8544269418794134,2.229624379872431,0.06138557894490134,82.79162774029452,0,1,moderate_recovery,3.0,3,2,0.7938862475948755,0.8499246823499108,0.08636138122781435,0.07895859052685862,0.576834280168238,13
Bengal Tiger,3,2020,5.657978385251106,0.9027702335687127,2.3557760453579024,0.056744802403267666,88.44960612554561,0,1,moderate_recovery,3.0,3,2,0.7900002726598251,0.8997631273904255,0.09131433236583834,0.07298928664513739,0.5860368068887228,14
Bengal Tiger,3,2021,5.38507821901324,0.9513851167843563,2.482636428065202,0.05369504665392939,93.83468434455885,0,1,moderate_recovery,3.0,3,2,0.78717270660332,0.9498815636952128,0.09629510907205348,0.06906646927405621,0.5947954699355014,15
Bengal Tiger,3,2022,5.109905795032832,1.0,2.6094968107725016,0.0510990579503268,98.94459013959168,0,1,moderate_recovery,3.0,3,2,0.784321597289392,1.0,0.10127588577826863,0.06572732003765185,0.6031065735516851,16
California Condor,4,1982,0.0,0.0392156862745098,1.0,0.0,0.0,0,0,moderate_recovery,3.0,4,1,0.7313769751693001,0.009500707499494644,0.038084020416175896,0.0,0.4421762601767602,0
California Condor,4,1983,4.545454545454541,0.040998217468805706,1.0454545454545454,0.031426968052595775,4.545454545454541,0,1,moderate_recovery,3.0,4,1,0.7784732197824747,0.011338368524541967,0.03986865117607167,0.04042364908202407,0.4495693013061385,1
California Condor,4,1984,4.347826086956519,0.0427807486631016,1.0909090909090908,0.04347826086937619,8.89328063241106,0,1,moderate_recovery,3.0,4,1,0.7764255569732063,0.013176029549589283,0.04165328193596745,0.05592489727736218,0.4566409058646742,2
California Condor,4,1985,4.166666666666674,0.044563279857397504,1.1363636363636365,0.04166666666649306,13.059947299077734,0,1,moderate_recovery,3.0,4,1,0.7745485327313769,0.015013690574636605,0.04343791269586323,0.05359469322414846,0.463417860233271,3
California Condor,4,1986,4.0000000000000036,0.04634581105169341,1.1818181818181819,0.039999999999840004,17.059947299077738,0,1,moderate_recovery,3.0,4,1,0.7728216704288938,0.016851351599683928,0.04522254345575901,0.0514509054951911,0.4699237364271238,4
California Condor,4,1987,3.8461538461538547,0.0481283422459893,1.2272727272727273,0.03846153846139053,20.90610114523159,0,1,moderate_recovery,3.0,4,1,0.7712276436881402,0.018689012624731244,0.047007174215654784,0.04947202451461444,0.4761793866135208,5
California Condor,4,1988,25.92592592592593,0.06060606060606061,1.5454545454545454,0.1503068601215739,46.832027071157526,0,1,moderate_recovery,3.0,4,1,1.0,0.03155263980006249,0.05949958953492523,0.1933356013856235,0.5183471026847895,6
California Condor,4,1989,20.58823529411764,0.07308377896613191,1.8636363636363635,0.20588235294057092,67.42026236527516,0,1,moderate_recovery,3.0,4,1,0.9446952595936793,0.044416266975393734,0.07199200485419567,0.2648208371078816,0.5518332301531499,7
California Condor,4,1990,19.512195121951216,0.0873440285204991,2.227272727272727,0.1815859717608139,86.93245748722637,0,1,moderate_recovery,3.0,4,1,0.9335462203380497,0.05911755517577229,0.08626905093336189,0.23356906680888614,0.5835692115865785,8
California Condor,4,1991,14.28571428571428,0.09982174688057041,2.5454545454545454,0.15422370204348723,101.21817177294065,0,1,moderate_recovery,3.0,4,1,0.8793937439535632,0.07198118235110353,0.09876146625263234,0.1983737279747428,0.6068044837074815,9
California Condor,4,1992,12.5,0.11229946524064172,2.8636363636363638,0.12499999999977678,113.71817177294065,0,1,moderate_recovery,3.0,4,1,0.8608916478555304,0.08484480952643476,0.11125388157190279,0.16078407967282818,0.6271353468132719,10
California Condor,4,1993,20.63492063492063,0.1354723707664884,3.4545454545454546,0.15613679330887084,134.35309240786128,0,1,moderate_recovery,3.0,4,1,0.9451789745243468,0.10873440285204991,0.13445408145054788,0.2008344849222258,0.6606974065434652,11
California Condor,4,1994,15.789473684210531,0.1568627450980392,4.0,0.16524228487653092,150.1425660920718,0,1,moderate_recovery,3.0,4,1,0.89497445645717,0.13078633515261776,0.15586965056929722,0.21254662957564613,0.6863784967823581,12
California Condor,4,1995,13.636363636363647,0.17825311942959002,4.545454545454546,0.13636363636348137,163.77892972843546,0,1,moderate_recovery,3.0,4,1,0.8726657090088241,0.1528382674531856,0.17728521968804656,0.1754008141886537,0.708557620170493,13
California Condor,4,1996,12.99999999999999,0.2014260249554367,5.136363636363637,0.12461793577071334,176.77892972843546,0,1,moderate_recovery,3.0,4,1,0.8660722347629795,0.17672786077880076,0.20048541956669166,0.16029264090926032,0.7297017178005147,14
California Condor,4,1997,11.504424778761058,0.22459893048128343,5.7272727272727275,0.11504424778750881,188.28335450719652,0,1,moderate_recovery,3.0,4,1,0.8505763199424677,0.20061745410441592,0.22368561944533677,0.1479782680176035,0.7484133086235429,15
California Condor,4,1998,9.523809523809534,0.24598930481283424,6.2727272727272725,0.09949601768432957,197.80716403100607,0,1,moderate_recovery,3.0,4,1,0.8300548210254757,0.2226693864049838,0.2451011885640861,0.12797900507611948,0.7639034900374784,16
California Condor,4,1999,8.695652173913038,0.26737967914438504,6.818181818181818,0.0869565217390674,206.5028162049191,0,1,moderate_recovery,3.0,4,1,0.8214741387771124,0.24472131870555164,0.26651675768283545,0.11184979455512957,0.7780466991545498,17
California Condor,4,2000,8.666666666666668,0.2905525846702317,7.409090909090909,0.08317072875165661,215.16948287158576,0,1,moderate_recovery,3.0,4,1,0.8211738148984198,0.2686109120311667,0.2897169575614805,0.10698023262461935,0.7921427642412311,18
California Condor,4,2001,12.269938650306745,0.32620320855614976,8.318181818181818,0.10054401322406559,227.4394215218925,0,1,moderate_recovery,3.0,4,1,0.8585079422232684,0.3053641325321132,0.32540957275939614,0.12932701306298336,0.8120994396824975,19
California Condor,4,2002,10.92896174863387,0.36185383244206776,9.227272727272727,0.10928961748627901,238.36838327052638,0,1,moderate_recovery,3.0,4,1,0.8446138474632718,0.34211735303305957,0.36110218795731164,0.14057624452286543,0.829875057698489,20
California Condor,4,2003,9.852216748768484,0.39750445632798576,10.136363636363637,0.09852216748763613,248.22060001929486,0,1,moderate_recovery,3.0,4,1,0.8334575053653438,0.378870573534006,0.39679480315522725,0.12672636821520078,0.8458993832991119,21
California Condor,4,2004,8.520179372197312,0.43137254901960786,11.0,0.08758444596588921,256.7407793914922,0,1,moderate_recovery,3.0,4,1,0.8196560345787486,0.4137861330099051,0.430702787593247,0.11265747630644155,0.8597571913353457,22
California Condor,4,2005,8.264462809917351,0.46702317290552586,11.909090909090908,0.08047649230428627,265.00524220140954,0,1,moderate_recovery,3.0,4,1,0.8170065108296176,0.45053935351085145,0.46639540279116254,0.10351471000372173,0.8731990842978515,23
California Condor,4,2006,7.6335877862595325,0.5026737967914439,12.818181818181818,0.07633587786256624,272.63882998766906,0,1,moderate_recovery,3.0,4,1,0.8104699050540207,0.4872925740117978,0.5020880179890781,0.0981887509453764,0.8856148785609295,24
California Condor,4,2007,7.092198581560294,0.5383244206773619,13.727272727272727,0.07092198581557764,279.73102856922935,0,1,moderate_recovery,3.0,4,1,0.8048604774026223,0.5240457945127442,0.5377806331869937,0.09122500974357911,0.8971501200393921,25
California Condor,4,2008,6.62251655629138,0.5739750445632799,14.636363636363637,0.06622516556289193,286.3535451255207,0,1,moderate_recovery,3.0,4,1,0.7999940203010776,0.5607990150136907,0.5734732483849092,0.08518361836983415,0.9079214382411351,26
California Condor,4,2009,5.2795031055900665,0.6042780748663101,15.409090909090908,0.057695511456219165,291.6330482311108,0,1,moderate_recovery,3.0,4,1,0.7860788245026148,0.5920392524394951,0.6038119713031374,0.07421215768606304,0.916508386633643,27
California Condor,4,2010,5.014749262536866,0.6345811051693404,16.181818181818183,0.050147492625353896,296.64779749364766,0,1,moderate_recovery,3.0,4,1,0.7833356639165783,0.6232794898652995,0.6341506942213657,0.06450334759745491,0.9246647210949628,28
California Condor,4,2011,5.0561797752809,0.6666666666666666,17.0,0.04911800034732044,301.70397726892855,0,1,moderate_recovery,3.0,4,1,0.7837649326603595,0.6563573883161512,0.6662740478994896,0.0631791398498214,0.9328884410029229,29
California Condor,4,2012,4.545454545454541,0.696969696969697,17.772727272727273,0.0468395560850011,306.2494318143831,0,1,moderate_recovery,3.0,4,1,0.7784732197824747,0.6875976257419557,0.6966127708177179,0.06024843933939336,0.9402814821323012,30
California Condor,4,2013,4.347826086956519,0.7272727272727273,18.545454545454547,0.043478260869554065,310.5972579013396,0,1,moderate_recovery,3.0,4,1,0.7764255569732063,0.7188378631677602,0.7269514937359461,0.05592489727759098,0.9473530866908368,31
California Condor,4,2014,4.166666666666674,0.7575757575757576,19.318181818181817,0.04166666666665642,314.7639245680063,0,1,moderate_recovery,3.0,4,1,0.7745485327313769,0.7500781005935646,0.7572902166541743,0.05359469322435859,0.9541300410594338,32
California Condor,4,2015,3.0588235294117583,0.7807486631016043,19.90909090909091,0.03550994208149198,317.82274809741807,0,1,moderate_recovery,3.0,4,1,0.7630699774266364,0.7739676939191797,0.7804904165328195,0.045675466854546536,0.9591051228547329,33
California Condor,4,2016,2.9680365296803624,0.803921568627451,20.5,0.029680365296796796,320.79078462709845,0,1,moderate_recovery,3.0,4,1,0.7621293175422863,0.797857287244795,0.8036906164114646,0.03817704174885874,0.9639325424049663,34
California Condor,4,2017,2.882483370288247,0.8270944741532977,21.09090909090909,0.028824833702876015,323.6732679973867,0,1,moderate_recovery,3.0,4,1,0.7612428863874109,0.8217468805704101,0.8268908162901096,0.037076594869180135,0.96862081238945,35
California Condor,4,2018,3.0172413793103425,0.8520499108734403,21.727272727272727,0.02908058736615175,326.69050937669704,0,1,moderate_recovery,3.0,4,1,0.7626391375418384,0.8474741349210726,0.8518756469286505,0.037405563808162665,0.9735282621046408,36
California Condor,4,2019,2.7196652719665204,0.875222816399287,22.318181818181817,0.02826884731406115,329.41017464866354,0,1,moderate_recovery,3.0,4,1,0.7595558997704882,0.8713637282466877,0.8750758468072956,0.03636144479048912,0.9779517134916746,37
California Condor,4,2020,2.6476578411405383,0.8983957219251337,22.90909090909091,0.02647657841139983,332.05783248980407,0,1,moderate_recovery,3.0,4,1,0.758809818263736,0.8952533215723029,0.8982760466859407,0.03405609834215996,0.9822580470212106,38
California Condor,4,2021,3.7698412698412787,0.9322638146167558,23.772727272727273,0.03180529039412623,335.82767375964534,0,1,moderate_recovery,3.0,4,1,0.7704369558207029,0.930168881048202,0.9321840311239605,0.04091027475804609,0.9883895771642266,39
California Condor,4,2022,3.632887189292533,0.966131907308378,24.636363636363637,0.03632887189291843,339.4605609489379,0,1,moderate_recovery,3.0,4,1,0.7690179507874778,0.965084440524101,0.9660920155619803,0.046728833862923175,0.9942983557341696,40
California Condor,4,2023,3.5055350553505615,1.0,25.5,0.035055350553499016,342.96609600428843,0,1,moderate_recovery,3.0,4,1,0.7676984331920068,1.0,1.0,0.04509073821090218,1.0,41
Ganges River Dolphin,5,2000,0.0,1.0,1.0,0.0,0.0,0,0,moderate_recovery,3.0,3,0,0.7313769751693001,1.0,0.038084020416175896,0.0,0.4421762601767602,0
Ganges River Dolphin,5,2001,-2.500000000000002,0.975,0.975,0.017901437498393156,-2.500000000000002,1,0,moderate_recovery,3.0,3,0,0.7054740406320541,0.9742268041237113,0.037102473498233215,0.023026129224039512,0.43811008755560216,1
Ganges River Dolphin,5,2002,-2.564102564102566,0.95,0.95,0.025641025641024984,-5.064102564102568,1,0,moderate_recovery,3.0,3,0,0.7048098628234067,0.9484536082474228,0.036120926580290535,0.032981349676535626,0.43393965409800417,2
Ganges River Dolphin,5,2003,-2.631578947368418,0.925,0.925,0.02631578947368352,-7.695681511470987,1,0,moderate_recovery,3.0,3,0,0.7041107282879885,0.9226804123711342,0.03513937966234786,0.03384927993118128,0.429659472391522,3
Ganges River Dolphin,5,2004,-2.7027027027026973,0.9,0.9,0.027027027027026296,-10.398384214173685,1,0,moderate_recovery,3.0,3,0,0.7033738026966018,0.8969072164948455,0.03415783274440518,0.0347641253347267,0.4252636100983782,4
Ganges River Dolphin,5,2005,-2.777777777777779,0.875,0.875,0.027777777777777006,-13.176161991951464,1,0,moderate_recovery,3.0,3,0,0.7025959367945823,0.8711340206185568,0.03317628582646251,0.03572979548291352,0.4207456405193137,5
Ganges River Dolphin,5,2006,-2.857142857142858,0.85,0.85,0.028571428571427755,-16.03330484909432,1,0,moderate_recovery,3.0,3,0,0.7017736214124475,0.8453608247422681,0.03219473890851983,0.03675064678242531,0.41609858609513306,6
Ganges River Dolphin,5,2007,-2.941176470588236,0.825,0.825,0.02941176470588149,-18.974481319682557,1,0,moderate_recovery,3.0,3,0,0.700902934537246,0.8195876288659795,0.03121319199057715,0.03783154815837896,0.41131485359965303,7
Ganges River Dolphin,5,2008,-3.0303030303030276,0.8,0.8,0.030303030303029384,-22.004784349985584,1,0,moderate_recovery,3.0,3,0,0.699979478760517,0.7938144329896909,0.030231645072634476,0.03897795870863283,0.40638615951340085,8
Ganges River Dolphin,5,2009,-3.125,0.775,0.775,0.03124999999999902,-25.129784349985584,1,0,moderate_recovery,3.0,3,0,0.6989983069977426,0.7680412371134022,0.029250098154691796,0.04019601991827757,0.40130344373695326,9
Ganges River Dolphin,5,2010,-3.2258064516129004,0.75,0.75,0.03225806451612799,-28.355590801598485,1,0,moderate_recovery,3.0,3,0,0.6979538338309181,0.7422680412371135,0.028268551236749116,0.04149266572209293,0.3960567693870719,10
Ganges River Dolphin,5,2011,-3.3333333333333326,0.725,0.725,0.03333333333333222,-31.688924134931817,1,0,moderate_recovery,3.0,3,0,0.6968397291196388,0.7164948453608248,0.02728700431880644,0.04287575457949599,0.3906352058921945,11
Ganges River Dolphin,5,2012,-3.4482758620689613,0.7,0.7,0.03448275862068847,-35.13719999700078,1,0,moderate_recovery,3.0,3,0,0.6956487896006849,0.6907216494845361,0.02630545740086376,0.04435422887534063,0.38502669193197653,12
Ganges River Dolphin,5,2013,-3.57142857142857,0.675,0.675,0.035714285714284436,-38.70862856842935,1,0,moderate_recovery,3.0,3,0,0.6943727829732343,0.6649484536082475,0.025323910482921087,0.0459383084780313,0.37921787390175077,13
Ganges River Dolphin,5,2014,-3.703703703703709,0.65,0.65,0.03703703703703567,-42.41233227213306,1,0,moderate_recovery,3.0,3,0,0.6930022573363429,0.6391752577319588,0.024342363564978407,0.047639727310550925,0.3731939144629981,14
Ganges River Dolphin,5,2015,-3.8461538461538436,0.625,0.625,0.03846153846153698,-46.2584861182869,1,0,moderate_recovery,3.0,3,0,0.6915263066504601,0.6134020618556701,0.02336081664703573,0.0494720245148028,0.3669382642766011,15
Ganges River Dolphin,5,2016,13.319999999999999,0.70825,0.70825,0.0646171735022154,-32.9384861182869,0,1,moderate_recovery,3.0,3,0,0.869387810383747,0.6992268041237115,0.02662936788378485,0.08311530218105373,0.3886028320021312,16
Ganges River Dolphin,5,2017,11.789622308506885,0.79175,0.79175,0.11770592644852798,-21.148863809780018,0,1,moderate_recovery,3.0,3,0,0.8535313011197438,0.7853092783505154,0.029907734589713388,0.1514019124487838,0.4077782877799891,17
Ganges River Dolphin,5,2018,10.514682664982633,0.875,0.875,0.1053158289276307,-10.634181144797385,0,1,moderate_recovery,3.0,3,0,0.8403214298696845,0.8711340206185568,0.03317628582646251,0.13546486903312285,0.4248800936889961,18
Ganges River Dolphin,5,2019,3.571428571428581,0.90625,0.90625,0.06900730706878773,-7.062752573368804,0,1,moderate_recovery,3.0,3,0,0.768381167365366,0.9033505154639176,0.034403219473890856,0.08876221086220079,0.4306889117192219,19
Ganges River Dolphin,5,2020,3.4482758620689724,0.9375,0.9375,0.034482758620688725,-3.6144767112998313,0,1,moderate_recovery,3.0,3,0,0.7671051607379155,0.9355670103092785,0.0356301531213192,0.044354228875340955,0.4362974256794399,20
Ganges River Dolphin,5,2021,3.3333333333333437,0.96875,0.96875,0.033333333333332466,-0.2811433779664876,0,1,moderate_recovery,3.0,3,0,0.7659142212189616,0.9677835051546393,0.03685708676874755,0.0428757545794963,0.44171898917431734,21
Ganges River Dolphin,5,2022,3.2258064516129004,1.0,1.0,0.03225806451612822,2.9446630736464128,0,1,moderate_recovery,3.0,3,0,0.7648001165076821,1.0,0.038084020416175896,0.04149266572209323,0.44696566352419864,22
Gharial,6,1970,0.0,1.0,1.0,0.0,0.0,0,0,moderate_recovery,3.0,4,4,0.7313769751693001,1.0,0.038084020416175896,0.0,0.4421762601767602,0
Gharial,6,1971,-9.599999999999998,0.904,0.904,0.07130488549780162,-9.599999999999998,1,0,moderate_recovery,3.0,4,4,0.6319097065462753,0.9010309278350517,0.03431488025127601,0.0917175231276872,0.4265621573115133,1
Gharial,6,1972,-10.619469026548678,0.808,0.808,0.10619469026548438,-20.219469026548676,1,0,moderate_recovery,3.0,4,4,0.6213468107632991,0.8020618556701032,0.03054574008637613,0.13659532432405955,0.4092899196287181,2
Gharial,6,1973,-11.881188118811881,0.712,0.712,0.11881188118811586,-32.10065714536056,1,0,moderate_recovery,3.0,4,4,0.6082739199427842,0.7030927835051547,0.026776599921476248,0.15282447176850186,0.3899655348945016,3
Gharial,6,1974,-13.48314606741573,0.616,0.616,0.13483146067415352,-45.58380321277629,1,0,moderate_recovery,3.0,4,4,0.5916757551931416,0.6041237113402063,0.023007459756576365,0.1734300185238049,0.3680356151399414,4
Gharial,6,1975,-15.58441558441559,0.52,0.52,0.1558441558441508,-61.16821879719188,1,0,moderate_recovery,3.0,4,4,0.5699041364955585,0.5051546391752578,0.019238319591676482,0.2004580733586827,0.3426880455535016,5
Gharial,6,1976,-18.461538461538463,0.424,0.424,0.18461538461537752,-79.62975725873034,1,0,moderate_recovery,3.0,4,4,0.5400937662788677,0.40618556701030933,0.015469179426776601,0.23746571767105348,0.312660924658796,6
Gharial,6,1977,-22.64150943396226,0.328,0.328,0.22641509433961196,-102.27126669269259,1,0,moderate_recovery,3.0,4,4,0.49678436049235486,0.3072164948453609,0.01170003926187672,0.2912315405399687,0.2758352103539684,7
Gharial,6,1978,-29.268292682926834,0.232,0.232,0.29268292682925046,-131.53955937561943,1,0,moderate_recovery,3.0,4,4,0.4281231074161756,0.2082474226804124,0.007930899096976838,0.37647004021019825,0.22823123820382543,8
Gharial,6,1979,-41.379310344827594,0.136,0.136,0.41379310344824016,-172.91886972044702,1,0,moderate_recovery,3.0,4,4,0.3026387483459172,0.10927835051546395,0.004161758932076954,0.5322507465040599,0.16092907068120949,9
Gharial,6,1980,-70.58823529411764,0.04,0.04,0.7058823529410726,-243.50710501456467,1,0,moderate_recovery,3.0,4,4,0.0,0.010309278350515469,0.0003926187671770712,0.9079571558009881,0.04611949078968819,10
Gharial,6,1981,-2.500000000000002,0.039,0.039,0.7774401561033486,-246.00710501456467,1,0,moderate_recovery,3.0,4,4,0.7054740406320541,0.00927835051546392,0.000353356890459364,1.0,0.04205331816853014,11
Gharial,6,1982,-2.564102564102566,0.038,0.038,0.02564102564100494,-248.57120757866724,1,0,moderate_recovery,3.0,4,4,0.7048098628234067,0.008247422680412377,0.0003140950137416568,0.03298134967650985,0.03788288471093215,12
Gharial,6,1983,-2.631578947368418,0.037,0.037,0.026315789473662348,-251.20278652603565,1,0,moderate_recovery,3.0,4,4,0.7041107282879885,0.007216494845360827,0.00027483313702394963,0.03384927993115405,0.03360270300445001,13
Gharial,6,1984,-2.7027027027026973,0.036,0.036,0.027027027027003922,-253.90548922873836,1,0,moderate_recovery,3.0,4,4,0.7033738026966018,0.006185567010309277,0.00023557126030624245,0.034764125334697915,0.029206840711306192,14
Gharial,6,1985,-2.777777777777779,0.035,0.035,0.027777777777753337,-256.68326700651613,1,0,moderate_recovery,3.0,4,4,0.7025959367945823,0.005154639175257741,0.0001963093835885357,0.035729795482883075,0.024688871132241663,15
Gharial,6,1986,-2.857142857142858,0.034,0.034,0.028571428571402695,-259.54040986365897,1,0,moderate_recovery,3.0,4,4,0.7017736214124475,0.004123711340206192,0.00015704750687082852,0.03675064678239307,0.0200418167080611,16
Gharial,6,1987,-2.941176470588236,0.033,0.033,0.02941176470585493,-262.4815863342472,1,0,moderate_recovery,3.0,4,4,0.700902934537246,0.003092783505154642,0.00011778563015312133,0.0378315481583448,0.015258084212581069,17
Gharial,6,1988,-3.0303030303030276,0.032,0.032,0.030303030303001206,-265.5118893645502,1,0,moderate_recovery,3.0,4,4,0.699979478760517,0.0020618556701030993,7.852375343541415e-05,0.038977958708596584,0.010329390126328941,18
Gharial,6,1989,-3.125,0.031,0.031,0.03124999999996909,-268.6368893645502,1,0,moderate_recovery,3.0,4,4,0.6989983069977426,0.0010309278350515497,3.926187671770718e-05,0.04019601991823907,0.005246674349881353,19
Gharial,6,1990,-3.2258064516129004,0.03,0.03,0.032258064516096155,-271.8626958161631,1,0,moderate_recovery,3.0,4,4,0.6979538338309181,0.0,0.0,0.041492665722051986,0.0,20
Gharial,6,1991,3.3333333333333437,0.031,0.031,0.018826639212671616,-268.52936248282975,0,1,moderate_recovery,3.0,4,4,0.7659142212189616,0.0010309278350515497,3.926187671770718e-05,0.02421619087317752,0.005421563494877435,21
Gharial,6,1992,3.2258064516129004,0.032,0.032,0.032258064516096155,-265.30355603121683,0,1,moderate_recovery,3.0,4,4,0.7648001165076821,0.0020618556701030993,7.852375343541415e-05,0.041492665722051986,0.010668237844758843,22
Gharial,6,1993,3.125,0.033,0.033,0.03124999999996909,-262.17855603121683,0,1,moderate_recovery,3.0,4,4,0.7637556433408577,0.003092783505154642,0.00011778563015312133,0.04019601991823907,0.015750953621206376,23
Gharial,6,1994,3.0303030303030276,0.034,0.034,0.030303030303001206,-259.1482530009138,0,1,moderate_recovery,3.0,4,4,0.7627744715780832,0.004123711340206192,0.00015704750687082852,0.038977958708596584,0.020679647707458504,24
Gharial,6,1995,2.941176470588225,0.035,0.035,0.02941176470585493,-256.2070765303256,0,1,moderate_recovery,3.0,4,4,0.7618510158013542,0.005154639175257741,0.0001963093835885357,0.0378315481583448,0.025463380202938535,25
Gharial,6,1996,2.857142857142847,0.036,0.036,0.028571428571402695,-253.34993367318276,0,1,moderate_recovery,3.0,4,4,0.7609803289261526,0.006185567010309277,0.00023557126030624245,0.03675064678239307,0.030110434627119154,26
Gharial,6,1997,2.777777777777768,0.037,0.037,0.027777777777753337,-250.572155895405,0,1,moderate_recovery,3.0,4,4,0.7601580135440178,0.007216494845360827,0.00027483313702394963,0.035729795482883075,0.03462840420618363,27
Gharial,6,1998,2.7027027027026973,0.038,0.038,0.027027027027003922,-247.86945319270228,0,1,moderate_recovery,3.0,4,4,0.7593801476419985,0.008247422680412377,0.0003140950137416568,0.034764125334697915,0.03902426649932744,28
Gharial,6,1999,2.6315789473684292,0.039,0.039,0.026315789473662348,-245.23787424533384,0,1,moderate_recovery,3.0,4,4,0.7586432220506119,0.00927835051546392,0.000353356890459364,0.03384927993115405,0.04330444820580964,29
Gharial,6,2000,2.564102564102555,0.04,0.04,0.02564102564100494,-242.6737716812313,0,1,moderate_recovery,3.0,4,4,0.7579440875151934,0.010309278350515469,0.0003926187671770712,0.03298134967650985,0.04747488166340763,30
Gharial,6,2001,7.499999999999996,0.043,0.043,0.05118850818356501,-235.1737716812313,0,1,moderate_recovery,3.0,4,4,0.8090857787810382,0.013402061855670104,0.0005104043973301923,0.06584237742507386,0.05967339952688172,31
Gharial,6,2002,6.976744186046502,0.046,0.046,0.06976744186043074,-228.1970274951848,0,1,moderate_recovery,3.0,4,4,0.8036642343430099,0.016494845360824746,0.0006281900274833136,0.0897399514454155,0.07102085800453206,32
Gharial,6,2003,6.521739130434789,0.049,0.049,0.06521739130431789,-221.67528836475003,0,1,moderate_recovery,3.0,4,4,0.7989498478751594,0.019587628865979388,0.0007459756576364352,0.08388734591636948,0.08162826484233565,33
Gharial,6,2004,6.1224489795918435,0.052,0.052,0.06122448979589209,-215.5528393851582,0,1,moderate_recovery,3.0,4,4,0.7948127332196987,0.022680412371134023,0.0008637612877895563,0.07875138596230839,0.09158623860843701,34
Gharial,6,2005,5.769230769230771,0.055,0.055,0.05769230769228452,-209.78360861592742,0,1,moderate_recovery,3.0,4,4,0.7911529779475602,0.025773195876288665,0.0009815469179426778,0.07420803677217726,0.1009697138880325,35
Gharial,6,2006,5.454545454545445,0.058,0.058,0.05454545454543414,-204.32906316138198,0,1,moderate_recovery,3.0,4,4,0.7878924687051095,0.028865979381443307,0.0010993325480957994,0.07016032567551499,0.10984136324328642,36
Gharial,6,2007,5.1724137931034475,0.061,0.061,0.051724137931016455,-199.15664936827852,0,1,moderate_recovery,3.0,4,4,0.784969253522223,0.031958762886597936,0.0012171181782489205,0.06653134331299004,0.11825413418361341,37
Gharial,6,2008,4.918032786885251,0.064,0.064,0.04918032786883648,-194.23861658139327,0,1,moderate_recovery,3.0,4,4,0.7823335677015875,0.03505154639175259,0.0013349038084020416,0.0632593100353035,0.12625316229080957,38
Gharial,6,2009,4.6875,0.067,0.067,0.046874999999985796,-189.55111658139327,0,1,moderate_recovery,3.0,4,4,0.7799449774266365,0.038144329896907234,0.0014526894385551632,0.06029402987739997,0.1338772359554809,39
Gharial,6,2010,4.477611940298498,0.07,0.07,0.04477611940297243,-185.0735046410948,0,1,moderate_recovery,3.0,4,4,0.7777702907583974,0.041237113402061876,0.0015704750687082847,0.05759429719632355,0.14115993318740572,40
Gharial,6,2011,12.285714285714278,0.0786,0.0786,0.08378117951712451,-172.7877903553805,0,1,moderate_recovery,3.0,4,4,0.8586713963237663,0.050103092783505165,0.0019081272084805656,0.10776543874071139,0.16114226721138242,41
Gharial,6,2012,10.941475826972002,0.0872,0.0872,0.10941475826969284,-161.8463145284085,0,1,moderate_recovery,3.0,4,4,0.8447435080040665,0.058969072164948455,0.0022457793482528465,0.14073720968839157,0.1789382389884609,42
Gharial,6,2013,9.86238532110091,0.0958,0.0958,0.09862385321098731,-151.9839292073076,0,1,moderate_recovery,3.0,4,4,0.8335628637107294,0.06783505154639176,0.002583431488025128,0.1268571637787601,0.19497910345724948,43
Gharial,6,2014,8.768267223382043,0.1042,0.1042,0.08879034898504351,-143.21566198392554,0,1,moderate_recovery,3.0,4,4,0.8222265159262382,0.07649484536082475,0.0029132312524538678,0.11420859636331959,0.2092404187047349,44
Gharial,6,2015,8.25335892514396,0.1128,0.1128,0.0815236196563459,-134.96230305878157,0,1,moderate_recovery,3.0,4,4,0.8168914615494599,0.08536082474226805,0.0032508833922261482,0.10486160126453335,0.22266425154233924,45
Gharial,6,2016,7.624113475177308,0.1214,0.1214,0.07624113475176075,-127.33818958360426,0,1,moderate_recovery,3.0,4,4,0.8103717400701214,0.09422680412371134,0.0035885355319984296,0.09806688547436657,0.23506463613168646,46
Gharial,6,2017,7.084019769357486,0.13,0.13,0.07084019769356474,-120.25416981424678,0,1,moderate_recovery,3.0,4,4,0.8047757353077897,0.10309278350515466,0.003926187671770711,0.09111980792017083,0.24658657502524797,47
Gharial,6,2018,10.769230769230775,0.144,0.144,0.08654791642851137,-109.484939045016,0,1,moderate_recovery,3.0,4,4,0.8429588470220524,0.11752577319587629,0.004475853945818609,0.11132421672467117,0.26410239554715953,48
Gharial,6,2019,9.722222222222232,0.158,0.158,0.09722222222220991,-99.76271682279378,0,1,moderate_recovery,3.0,4,4,0.8321106094808126,0.13195876288659797,0.005025520219866511,0.12505428419018497,0.2799152890738853,49
Gharial,6,2020,8.860759493670889,0.172,0.172,0.088607594936699,-90.9019573291229,0,1,moderate_recovery,3.0,4,4,0.8231848444152355,0.1463917525773196,0.005575186493914409,0.11397352483156271,0.2943270401362176,50
Gharial,6,2021,8.139534883720923,0.186,0.186,0.08139534883720131,-82.76242244540197,0,1,moderate_recovery,3.0,4,4,0.8157121108719616,0.16082474226804125,0.006124852767962308,0.10469661001969272,0.3075657416934764,51
Gharial,6,2022,7.526881720430101,0.2,0.2,0.07526881720429457,-75.23554072497187,0,1,moderate_recovery,3.0,4,4,0.809364304958858,0.17525773195876293,0.00667451904201021,0.09681622001821161,0.3198079818431995,52
Giant Panda,7,1976,0.0,0.5526315789473685,1.0,0.0,0.0,0,0,stable,2.0,2,2,0.7313769751693001,0.538795442213782,0.038084020416175896,0.0,0.4421762601767602,0
Giant Panda,7,1977,0.6666666666666599,0.5563157894736842,1.0066666666666666,0.004698383928149371,0.6666666666666599,0,1,stable,2.0,2,2,0.7382844243792324,0.5425935973955508,0.038345766260960604,0.006043402686707624,0.44326057287573567,1
Giant Panda,7,1978,0.6622516556291425,0.56,1.0133333333333334,0.006622516556290764,1.3289183222958023,0,1,stable,2.0,2,2,0.7382386796824779,0.5463917525773198,0.038607512105745326,0.008518361836985434,0.44433770469591,2
Giant Panda,7,1979,0.6578947368421018,0.5636842105263158,1.02,0.006578947368420434,1.986813059137904,0,1,stable,2.0,2,2,0.738193536889628,0.5501899077590885,0.03886925795053004,0.008462319982794746,0.44540775012253053,3
Giant Panda,7,1980,0.6535947712418277,0.5673684210526316,1.0266666666666666,0.00653594771241769,2.640407830379732,0,1,stable,2.0,2,2,0.7381489841986455,0.5539880629408575,0.03913100379531475,0.008407010701861454,0.44647080178819276,4
Giant Panda,7,1981,0.7421150278293043,0.5715789473684211,1.0342857142857143,0.006960327820214345,3.382522858209036,0,1,stable,2.0,2,2,0.7390661579632877,0.5583288117200218,0.03943014190364014,0.008952879222370754,0.44767782891135655,5
Giant Panda,7,1982,0.6445672191528473,0.5752631578947368,1.0409523809523809,0.006913313017621559,4.027090077361883,0,1,stable,2.0,2,2,0.7380554481623285,0.5621269669017905,0.03969188774842485,0.0088924053682436,0.44872619754296267,6
Giant Panda,7,1983,0.6404391582799596,0.5789473684210527,1.0476190476190477,0.0064043915827990475,4.667529235641843,0,1,stable,2.0,2,2,0.738012676606106,0.5659251220835595,0.03995363359320957,0.00823779365205273,0.44976785201132885,7
Giant Panda,7,1984,0.6363636363636349,0.5826315789473684,1.0542857142857143,0.0063636363636357845,5.303892872005478,0,1,stable,2.0,2,2,0.7379704494151446,0.5697232772653283,0.04021537943799428,0.008185371328812398,0.4508028777694418,8
Giant Panda,7,1985,0.6323396567299078,0.5863157894736842,1.0609523809523809,0.006323396567298435,5.936232528735386,0,1,stable,2.0,2,2,0.7379287562627319,0.5735214324470972,0.04047712528277899,0.008133611979849723,0.45183135864922885,9
Giant Panda,7,1986,2.872531418312385,0.6031578947368421,1.0914285714285714,0.018526249092663295,8.80876394704777,0,1,stable,2.0,2,2,0.7611397724831914,0.5908844275637548,0.04167367771608055,0.023829807281270043,0.4565034420918521,10
Giant Panda,7,1987,2.7923211169284423,0.62,1.121904761904762,0.02792321116928206,11.601085063976214,0,1,stable,2.0,2,2,0.760308699608807,0.6082474226804124,0.0428702301493821,0.03591686247496856,0.4610450659619065,11
Giant Panda,7,1988,2.716468590831922,0.6368421052631579,1.1523809523809523,0.02716468590831691,14.317553654808137,0,1,stable,2.0,2,2,0.7595227784016219,0.62561041779707,0.04406678258268364,0.03494119218702383,0.4654633180460171,12
Giant Panda,7,1989,2.7272727272727337,0.6542105263157895,1.1838095238095239,0.02685316609142943,17.04482638208087,0,1,stable,2.0,2,2,0.7596347219372049,0.6435160065111233,0.045300727279525874,0.034540492770558304,0.469899142723644,13
Giant Panda,7,1990,2.574416733708773,0.6710526315789473,1.2142857142857142,0.02615446514967287,19.619243115789644,0,1,stable,2.0,2,2,0.7580509544192398,0.6608790016277808,0.04649727971282742,0.03364177286746176,0.47408635185886716,14
Giant Panda,7,1991,2.509803921568632,0.6878947368421052,1.2447619047619047,0.025098039215684334,22.129047037358276,0,1,stable,2.0,2,2,0.7573814898419864,0.6782419967444384,0.04769383214612897,0.0322829210951485,0.47816847025501014,15
Giant Panda,7,1992,2.448355011476666,0.7047368421052631,1.2752380952380953,0.024483550114764795,24.57740204883494,0,1,stable,2.0,2,2,0.7567448070037874,0.695604991861096,0.04889038457943052,0.03149252057866443,0.48215064390082674,16
Giant Panda,7,1993,2.389843166542205,0.7215789473684211,1.3057142857142856,0.0238984316654202,26.967245215377147,0,1,stable,2.0,2,2,0.7561385556081911,0.7129679869777538,0.05008693701273206,0.030739898727643385,0.48603764984188896,17
Giant Panda,7,1994,2.334062727935815,0.738421052631579,1.3361904761904762,0.023340627279356454,29.301307943312963,0,1,stable,2.0,2,2,0.7555606047883191,0.7303309820944114,0.051283489446033614,0.030022410208836295,0.4898339306260482,18
Giant Panda,7,1995,2.2808267997148857,0.7552631578947369,1.3666666666666667,0.022808267997147365,31.58213474302785,0,1,stable,2.0,2,2,0.7550090180828245,0.747693977211069,0.05248004187933517,0.029337651030872866,0.49354362482068986,19
Giant Panda,7,1996,2.2299651567944334,0.7721052631578947,1.3971428571428572,0.02229965156794272,33.812099899822286,0,1,stable,2.0,2,2,0.7544820317600145,0.7650569723277266,0.05367659431263672,0.028683431635062505,0.4971705941273674,20
Giant Panda,7,1997,2.249488752556239,0.7894736842105263,1.4285714285714286,0.02214989688277639,36.061588652378525,0,1,stable,2.0,2,2,0.7546843191291943,0.7829625610417799,0.05491053900947895,0.02849080628121286,0.5008293179582664,21
Giant Panda,7,1998,2.1333333333333426,0.8063157894736842,1.4590476190476191,0.0216723374256461,38.194921985711865,0,1,stable,2.0,2,2,0.7534808126410835,0.8003255561584374,0.0561070914427805,0.027876534618781774,0.5042991185949879,22
Giant Panda,7,1999,2.088772845953013,0.8231578947368421,1.4895238095238095,0.020887728459528684,40.283694831664874,0,1,stable,2.0,2,2,0.7530191136860593,0.817688551275095,0.05730364387608204,0.026867313574618065,0.5076964429782008,23
Giant Panda,7,2000,2.0460358056265893,0.84,1.52,0.0204603580562647,42.32973063729146,0,1,stable,2.0,2,2,0.752576307782903,0.8350515463917526,0.05850019630938359,0.02631759871887144,0.5110242568881,24
Giant Panda,7,2001,0.0,0.84,1.52,0.011653832178763836,42.32973063729146,0,0,stable,2.0,2,2,0.7313769751693001,0.8350515463917526,0.05850019630938359,0.014990005452219837,0.5110242568881,25
Giant Panda,7,2002,0.0,0.84,1.52,0.0,42.32973063729146,0,0,stable,2.0,2,2,0.7313769751693001,0.8350515463917526,0.05850019630938359,0.0,0.5110242568881,26
Giant Panda,7,2003,0.0,0.84,1.52,0.0,42.32973063729146,0,0,stable,2.0,2,2,0.7313769751693001,0.8350515463917526,0.05850019630938359,0.0,0.5110242568881,27
Giant Panda,7,2004,0.0,0.84,1.52,0.0,42.32973063729146,0,0,stable,2.0,2,2,0.7313769751693001,0.8350515463917526,0.05850019630938359,0.0,0.5110242568881,28
Giant Panda,7,2005,1.6917293233082775,0.8542105263157894,1.5457142857142858,0.009712434434965144,44.02145996059974,0,1,stable,2.0,2,2,0.7489052767358577,0.8497015735214325,0.05950978742498178,0.012492838656090756,0.5137758022708385,29
Giant Panda,7,2006,1.6635859519408491,0.868421052631579,1.5714285714285714,0.016635859519407523,45.68504591254059,0,1,stable,2.0,2,2,0.7486136783733826,0.8643516006511125,0.060519378540579954,0.021398250899193384,0.5164815733311285,30
Giant Panda,7,2007,1.575757575757586,0.8821052631578947,1.5961904761904762,0.016064804372842828,47.26080348829817,0,1,stable,2.0,2,2,0.7477036733018674,0.8784590341833968,0.06149157739263746,0.02066371828972938,0.5190444942559796,31
Giant Panda,7,2008,1.610978520286399,0.8963157894736842,1.621904761904762,0.015809249719864634,48.871782008584574,0,1,stable,2.0,2,2,0.7480686036300553,0.8931090613130765,0.06250116850823566,0.02033500533224713,0.5216647009569646,32
Giant Panda,7,2009,1.5854374633000656,0.9105263157894737,1.6476190476190475,0.0158543746329997,50.45721947188464,0,1,stable,2.0,2,2,0.7478039682992037,0.9077590884427565,0.06351075962383383,0.020393048273277134,0.5242433659192962,33
Giant Panda,7,2010,1.5606936416185047,0.9247368421052632,1.6733333333333333,0.015606936416184112,52.01791311350315,0,1,stable,2.0,2,2,0.7475475932619162,0.9224091155724364,0.06452035073943202,0.020074775265543927,0.526781785821522,34
Giant Panda,7,2011,1.5367103016505457,0.9389473684210526,1.6990476190476191,0.015367103016504574,53.55462341515369,0,1,stable,2.0,2,2,0.7472990977078464,0.9370591427021162,0.06552994185503021,0.019766284126005135,0.5292811975636112,35
Giant Panda,7,2012,1.4573991031390232,0.9526315789473684,1.723809523809524,0.014857917555821252,55.01202251829272,0,1,stable,2.0,2,2,0.7464773405946006,0.9511665762344005,0.06650214070708772,0.019111332800573942,0.5316516120961249,36
Giant Panda,7,2013,1.4917127071823133,0.966842105263158,1.7495238095238095,0.014639056682231557,56.50373522547503,0,1,stable,2.0,2,2,0.7468328698103087,0.9658166033640805,0.0675117318226859,0.018829818047481357,0.5340778366435562,37
Giant Panda,7,2014,1.469787697332614,0.9810526315789474,1.7752380952380953,0.014697876973325315,57.973522922807646,0,1,stable,2.0,2,2,0.7466057009723627,0.9804666304937603,0.06852132293828408,0.018905476978438276,0.5364684008410797,38
Giant Panda,7,2015,0.0,0.9810526315789474,1.7752380952380953,0.008403481007072338,57.973522922807646,0,0,stable,2.0,2,2,0.7313769751693001,0.9804666304937603,0.06852132293828408,0.01080916767818104,0.5364684008410797,39
Giant Panda,7,2016,0.0,0.9810526315789474,1.7752380952380953,0.0,57.973522922807646,0,0,stable,2.0,2,2,0.7313769751693001,0.9804666304937603,0.06852132293828408,0.0,0.5364684008410797,40
Giant Panda,7,2017,0.0,0.9810526315789474,1.7752380952380953,0.0,57.973522922807646,0,0,stable,2.0,2,2,0.7313769751693001,0.9804666304937603,0.06852132293828408,0.0,0.5364684008410797,41
Giant Panda,7,2018,0.0,0.9810526315789474,1.7752380952380953,0.0,57.973522922807646,0,0,stable,2.0,2,2,0.7313769751693001,0.9804666304937603,0.06852132293828408,0.0,0.5364684008410797,42
Giant Panda,7,2019,0.0,0.9810526315789474,1.7752380952380953,0.0,57.973522922807646,0,0,stable,2.0,2,2,0.7313769751693001,0.9804666304937603,0.06852132293828408,0.0,0.5364684008410797,43
Giant Panda,7,2020,0.0,0.9810526315789474,1.7752380952380953,0.0,57.973522922807646,0,0,stable,2.0,2,2,0.7313769751693001,0.9804666304937603,0.06852132293828408,0.0,0.5364684008410797,44
Giant Panda,7,2021,0.0,0.9810526315789474,1.7752380952380953,0.0,57.973522922807646,0,0,stable,2.0,2,2,0.7313769751693001,0.9804666304937603,0.06852132293828408,0.0,0.5364684008410797,45
Giant Panda,7,2022,0.6437768240343367,0.9873684210526316,1.7866666666666666,0.0037088882389054783,58.61729974684198,0,1,stable,2.0,2,2,0.7380472587411232,0.986977753662507,0.06897003010077216,0.00477064145682287,0.5375154839194896,46
Giant Panda,7,2023,0.6396588486140775,0.9936842105263158,1.7980952380952382,0.006396588486140475,59.256958595456055,0,1,stable,2.0,2,2,0.7380045916820284,0.9934888768312536,0.06941873726326024,0.008227756742333937,0.538555869238336,47
Giant Panda,7,2024,0.6355932203389925,1.0,1.8095238095238095,0.006355932203389584,59.892551815795045,0,1,stable,2.0,2,2,0.7379624670008035,1.0,0.06986744442574833,0.008175461678293682,0.5395896419386303,48
Gray Wolf,8,2000,0.0,0.5147058823529411,1.0,0.0,0.0,0,0,stable,2.0,0,2,0.7313769751693001,0.4996967859308672,0.038084020416175896,0.0,0.4421762601767602,0
Gray Wolf,8,2001,5.714285714285716,0.5441176470588235,1.0571428571428572,0.039283710065918215,5.714285714285716,0,1,stable,2.0,0,2,0.7905836826830054,0.530018192844148,0.0403275562286163,0.05052956135275325,0.45147036902512144,1
Gray Wolf,8,2002,6.756756756756754,0.5808823529411765,1.1285714285714286,0.0606625527285575,12.47104247104247,0,1,stable,2.0,0,2,0.8013849063510462,0.567919951485749,0.04313197599416681,0.07802858168866358,0.46246002475798104,2
Gray Wolf,8,2003,6.329113924050622,0.6176470588235294,1.2,0.06329113924050475,18.80015639509309,0,1,stable,2.0,0,2,0.7969540246306824,0.60582171012735,0.045936395759717315,0.0814096605939804,0.47275413265964694,3
Gray Wolf,8,2004,7.14285714285714,0.6617647058823529,1.2857142857142858,0.06530716063975459,25.94301353795023,0,1,stable,2.0,0,2,0.8053853595614316,0.6513038204972711,0.04930169947837793,0.08400281375621793,0.4843717687200985,4
Gray Wolf,8,2005,6.666666666666665,0.7058823529411765,1.3714285714285714,0.06666666666666515,32.60968020461689,0,1,stable,2.0,0,2,0.8004514672686229,0.6967859308671923,0.052667003197038535,0.08575150915899289,0.4952148957098533,5
Gray Wolf,8,2006,6.25,0.75,1.457142857142857,0.06249999999999866,38.85968020461689,0,1,stable,2.0,0,2,0.7961343115124152,0.7422680412371135,0.056032306915699145,0.08039203983655593,0.5053803272627484,6
Gray Wolf,8,2007,5.882352941176472,0.7941176470588235,1.542857142857143,0.05882352941176352,44.742033145793364,0,1,stable,2.0,0,2,0.7923250564334084,0.7877501516070347,0.059397610634359756,0.07566309631675862,0.5149477922537085,7
Gray Wolf,8,2008,4.629629629629628,0.8308823529411765,1.6142857142857143,0.051153906011944264,49.37166277542299,0,1,stable,2.0,0,2,0.7793453724604965,0.8256519102486357,0.06220203039991027,0.06579786959852399,0.5224777415521493,8
Gray Wolf,8,2009,3.539823008849563,0.8602941176470589,1.6714285714285715,0.04002292680020253,52.91148578427256,0,1,stable,2.0,0,2,0.7680536966379672,0.8559733171619165,0.06444556621235067,0.051480395611160204,0.5282351541130811,9
Gray Wolf,8,2010,2.564102564102555,0.8823529411764706,1.7142857142857142,0.030101867865293116,55.47558834837511,0,1,stable,2.0,0,2,0.7579440875151934,0.878714372346877,0.06612821807168098,0.038719208969303025,0.5324055875706791,10
Gray Wolf,8,2011,1.6666666666666607,0.8970588235294118,1.7428571428571429,0.021030179485433658,57.14225501504177,0,1,stable,2.0,0,2,0.7486455981941308,0.8938750758035174,0.06724998597790119,0.027050544431407045,0.5351163693181178,11
Gray Wolf,8,2012,1.6393442622950838,0.9117647058823529,1.7714285714285714,0.016393442622950782,58.78159927733685,0,1,stable,2.0,0,2,0.7483625060133959,0.9090357792601578,0.06837175388412138,0.021086436678441303,0.5377827120205165,12
Gray Wolf,8,2013,0.8064516129032251,0.9191176470588235,1.7857142857142858,0.012351956051094024,59.588050890240076,0,1,stable,2.0,0,2,0.7397327605038956,0.9166161309884779,0.0689326378372315,0.01588798308670336,0.5390943806079869,13
Gray Wolf,8,2014,0.8000000000000007,0.9264705882352942,1.8,0.008000000000000378,60.38805089024008,0,1,stable,2.0,0,2,0.7396659142212189,0.9241964827167982,0.06949352179034159,0.010290181099079867,0.5403955558467574,14
Gray Wolf,8,2015,0.7936507936507908,0.9338235294117647,1.8142857142857143,0.007936507936508313,61.18170168389087,0,1,stable,2.0,0,2,0.7396001289906481,0.9317768344451184,0.07005440574345169,0.010208512995118916,0.5416864042979187,15
Gray Wolf,8,2016,0.7874015748031482,0.9411764705882353,1.8285714285714285,0.00787401574803187,61.96910325869402,0,1,stable,2.0,0,2,0.7395353797479602,0.9393571861734386,0.07061528969656179,0.010128131003031367,0.5429670885880472,16
Gray Wolf,8,2017,0.78125,0.9485294117647058,1.8428571428571427,0.007812500000000371,62.75035325869402,0,1,stable,2.0,0,2,0.7394716422121895,0.9469375379017587,0.0711761736496719,0.010049004979570184,0.544237767532159,17
Gray Wolf,8,2018,0.7751937984496138,0.9558823529411765,1.8571428571428572,0.007751937984496494,63.52554705714363,0,1,stable,2.0,0,2,0.7394088928552679,0.954517889630079,0.071737057602782,0.009971105716162667,0.545498596251898,18
Gray Wolf,8,2019,0.7692307692307665,0.9632352941176471,1.8714285714285714,0.0076923076923080605,64.2947778263744,0,1,stable,2.0,0,2,0.7393471088730681,0.9620982413583992,0.0722979415558921,0.009894404902961416,0.5467497262891774,19
Gray Wolf,8,2020,0.7633587786259444,0.9705882352941176,1.8857142857142857,0.007633587786259908,65.05813660500034,0,1,stable,2.0,0,2,0.7392862681577721,0.9696785930867192,0.0728588255090022,0.009818875094541863,0.5479913057154852,20
Gray Wolf,8,2021,0.7575757575757569,0.9779411764705882,1.9,0.00757575757575794,65.8157123625761,0,1,stable,2.0,0,2,0.7392263492714959,0.9772589448150394,0.07341970946211229,0.009744489677158973,0.5492234792370483,21
Gray Wolf,8,2022,0.7518796992481258,0.9852941176470589,1.9142857142857144,0.007518796992481565,66.56759206182421,0,1,stable,2.0,0,2,0.7391673314211035,0.9848392965433598,0.07398059341522241,0.009671222837481086,0.5504463882960431,22
Gray Wolf,8,2023,0.746268656716409,0.9926470588235294,1.9285714285714286,0.00746268656716454,67.31386071854062,0,1,stable,2.0,0,2,0.7391091944341496,0.9924196482716799,0.07454147736833251,0.009599049532723766,0.5516601711680306,23
Gray Wolf,8,2024,0.7407407407407307,1.0,1.9428571428571428,0.007407407407407766,68.05460145928136,0,1,stable,2.0,0,2,0.7390519187358914,1.0,0.0751023613214426,0.009527945462110998,0.5528649630557811,24
Great Indian Bustard,9,1969,0.0,1.0,1.0,0.0,0.0,0,0,moderate_recovery,3.0,4,1,0.7313769751693001,1.0,0.038084020416175896,0.0,0.4421762601767602,0
Great Indian Bustard,9,1970,-3.730158730158728,0.9626984126984127,0.9626984126984127,0.02687749188496971,-3.730158730158728,1,0,moderate_recovery,3.0,4,1,0.6927281522089648,0.9615447553591885,0.036619490094166186,0.034571782373171836,0.43610927245630215,1
Great Indian Bustard,9,1971,-3.874690849134377,0.9253968253968254,0.9253968253968254,0.03874690849134058,-7.604849579293105,1,0,moderate_recovery,3.0,4,1,0.6912306298024224,0.9230895107183769,0.03515495977215648,0.0498390881756689,0.42980720771782144,2
Great Indian Bustard,9,1972,-3.9451114922813058,0.8888888888888888,0.8888888888888888,0.039869302128073984,-11.54996107157441,1,0,moderate_recovery,3.0,4,1,0.6905009892786202,0.8854524627720505,0.03372158966976399,0.05128279239897403,0.42339060598288936,3
Great Indian Bustard,9,1973,-4.196428571428568,0.8515873015873016,0.8515873015873016,0.04153101760825554,-15.746389643002978,1,0,moderate_recovery,3.0,4,1,0.6878970493389228,0.8469972181312388,0.03225705934775428,0.05342021155225051,0.41656524479737406,4
Great Indian Bustard,9,1974,-4.380242311276794,0.8142857142857143,0.8142857142857143,0.043802423112763854,-20.126631954279773,1,0,moderate_recovery,3.0,4,1,0.6859925232307889,0.8085419734904272,0.030792529025744572,0.056341858301105045,0.40944091625331336,5
Great Indian Bustard,9,1975,-4.580896686159841,0.776984126984127,0.776984126984127,0.045808966861593976,-24.707528640439612,1,0,moderate_recovery,3.0,4,1,0.6839135083759058,0.7700867288496156,0.029327998703734866,0.058922820620941,0.40199022957906666,6
Great Indian Bustard,9,1976,-4.800817160367721,0.7396825396825397,0.7396825396825397,0.048008171603672316,-29.508345800807334,1,0,moderate_recovery,3.0,4,1,0.6816348741171832,0.7316314842088039,0.027863468381725157,0.061751597504683536,0.3941818490603975,7
Great Indian Bustard,9,1977,-5.042918454935618,0.7023809523809523,0.7023809523809523,0.05042918454935081,-34.55126425574295,1,0,moderate_recovery,3.0,4,1,0.6791264205233531,0.6931762395679921,0.026398938059715445,0.06486568021146445,0.3859796982795208,8
Great Indian Bustard,9,1978,-5.197740112994353,0.6658730158730158,0.6658730158730158,0.052523602464656316,-39.7490043687373,1,0,moderate_recovery,3.0,4,1,0.6775222864138959,0.6555391916216659,0.02496556795732296,0.0675596726671707,0.3775257348637797,9
Great Indian Bustard,9,1979,-5.601907032181163,0.6285714285714286,0.6285714285714286,0.055446219453945275,-45.35091140091846,1,0,moderate_recovery,3.0,4,1,0.6733346427139694,0.6170839469808542,0.023501037635313256,0.07131895493004939,0.3684144064635686,10
Great Indian Bustard,9,1980,-5.934343434343436,0.5912698412698413,0.5912698412698413,0.05934343434342685,-51.285254835261895,1,0,moderate_recovery,3.0,4,1,0.6698902113687666,0.5786287023400426,0.022036507313303547,0.07633183580439865,0.35876238054465814,11
Great Indian Bustard,9,1981,-5.234899328859055,0.5603174603174603,0.5603174603174603,0.057595146029717374,-56.52015416412095,1,0,moderate_recovery,3.0,4,1,0.6771372733194964,0.5467190312551138,0.02082125874823166,0.07408306038421432,0.35024797881444797,12
Great Indian Bustard,9,1982,-5.6657223796034,0.5285714285714286,0.5285714285714286,0.05597693174997226,-62.185876543724355,1,0,moderate_recovery,3.0,4,1,0.6726734408072694,0.5139911634756996,0.019574849963542543,0.07200159563475263,0.3410328567268377,13
Great Indian Bustard,9,1983,-6.006006006006004,0.49682539682539684,0.49682539682539684,0.060060060060050956,-68.19188254973037,1,0,moderate_recovery,3.0,4,1,0.6691477030077481,0.48126329569628545,0.01832844117885343,0.07725361185493859,0.3312642738531847,14
Great Indian Bustard,9,1984,-6.230031948881787,0.4658730158730159,0.4658730158730159,0.06306714449956846,-74.42191449861215,1,0,moderate_recovery,3.0,4,1,0.6668265312745656,0.44935362461135664,0.017113192613781542,0.08112154228779593,0.3211313197173915,15
Great Indian Bustard,9,1985,-6.643952299829648,0.43492063492063493,0.43492063492063493,0.06643952299828504,-81.0658667984418,1,0,moderate_recovery,3.0,4,1,0.6625378305728711,0.4174439535264278,0.015897944048709655,0.0854593404736003,0.31032513694225256,16
Great Indian Bustard,9,1986,-7.299270072992703,0.4031746031746032,0.4031746031746032,0.07212608917509825,-88.3651368714345,1,0,moderate_recovery,3.0,4,1,0.6557479692211364,0.38471608574701366,0.014651535264020544,0.09277381494751373,0.2984531000921561,17
Great Indian Bustard,9,1987,-7.874015748031493,0.37142857142857144,0.37142857142857144,0.07874015748029935,-96.239152619466,1,0,moderate_recovery,3.0,4,1,0.6497929293826984,0.35198821796759944,0.013405126479331429,0.10128131003028877,0.2856462571908709,18
Great Indian Bustard,9,1988,-8.333333333333337,0.3404761904761905,0.3404761904761905,0.08434388933429374,-104.57248595279934,1,0,moderate_recovery,3.0,4,1,0.6450338600451466,0.3200785468826706,0.012189877914259541,0.10848923698132404,0.27209234845367736,19
Great Indian Bustard,9,1989,-9.090909090909093,0.30952380952380953,0.30952380952380953,0.09090909090906954,-113.66339504370843,1,0,moderate_recovery,3.0,4,1,0.6371844859429509,0.2881688757977418,0.010974629349187654,0.11693387612587455,0.25730626619492086,20
Great Indian Bustard,9,1990,-10.256410256410254,0.2777777777777778,0.2777777777777778,0.10137139821614849,-123.91980530011868,1,0,moderate_recovery,3.0,4,1,0.6251085257857266,0.25544100801832764,0.009728220564498541,0.13039125573888255,0.24062453236452888,21
Great Indian Bustard,9,1991,-4.285714285714281,0.26587301587301587,0.26587301587301587,0.07934289353128915,-128.20551958583297,1,0,moderate_recovery,3.0,4,1,0.6869719445340212,0.24316805760104732,0.009260817270240121,0.1020565929202424,0.23365395072825793,22
Great Indian Bustard,9,1992,-4.477611940298509,0.25396825396825395,0.25396825396825395,0.04477611940297115,-132.6831315261315,1,0,moderate_recovery,3.0,4,1,0.6849836595802027,0.230895107183767,0.008793413975981703,0.057594297196321906,0.22637125349633305,23
Great Indian Bustard,9,1993,-4.6875,0.24206349206349206,0.24206349206349206,0.04687499999998477,-137.3706315261315,1,0,moderate_recovery,3.0,4,1,0.6828089729119637,0.2186221567664867,0.008326010681723285,0.06029402987739865,0.21874717983166173,24
Great Indian Bustard,9,1994,-4.918032786885251,0.23015873015873015,0.23015873015873015,0.04918032786883572,-142.28866431301674,1,0,moderate_recovery,3.0,4,1,0.6804203826370128,0.20634920634920637,0.007858607387464868,0.06325931003530252,0.21074815172446557,25
Great Indian Bustard,9,1995,-5.1724137931034475,0.21825396825396826,0.21825396825396826,0.051724137931016004,-147.4610781061202,1,0,moderate_recovery,3.0,4,1,0.6777846968163772,0.19407625593192607,0.00739120409320645,0.06653134331298946,0.20233538078413857,26
Great Indian Bustard,9,1996,-5.454545454545457,0.20634920634920634,0.20634920634920634,0.05454545454543404,-152.91562356066567,1,0,moderate_recovery,3.0,4,1,0.6748614816334906,0.18180330551464574,0.006923800798948032,0.07016032567551485,0.19346373142888462,27
Great Indian Bustard,9,1997,-5.769230769230771,0.19444444444444445,0.19444444444444445,0.05769230769228479,-158.68485432989644,1,0,moderate_recovery,3.0,4,1,0.67160097239104,0.16953035509736544,0.006456397504689614,0.0742080367721776,0.18408025614928913,28
Great Indian Bustard,9,1998,-6.122448979591832,0.18253968253968253,0.18253968253968253,0.06122448979589262,-164.80730330948828,1,0,moderate_recovery,3.0,4,1,0.6679412171189016,0.1572574046800851,0.005988994210431196,0.07875138596230907,0.17412228238318778,29
Great Indian Bustard,9,1999,-6.521739130434778,0.17063492063492064,0.17063492063492064,0.06521739130431867,-171.32904243992306,1,0,moderate_recovery,3.0,4,1,0.6638041024634409,0.1449844542628048,0.005521590916172778,0.08388734591637048,0.1635148755453842,30
Great Indian Bustard,9,2000,-6.976744186046513,0.15873015873015872,0.15873015873015872,0.06976744186043181,-178.30578662596957,1,0,moderate_recovery,3.0,4,1,0.6590897159955902,0.13271150384552446,0.00505418762191436,0.08973995144541687,0.1521674170677338,31
Great Indian Bustard,9,2001,-2.500000000000002,0.15476190476190477,0.15476190476190477,0.051188508183566954,-180.80578662596957,1,0,moderate_recovery,3.0,4,1,0.7054740406320541,0.1286205203730977,0.00489838652382822,0.06584237742507636,0.14810124444657574,32
Great Indian Bustard,9,2002,-2.051282051282055,0.15158730158730158,0.15158730158730158,0.023084896345494814,-182.85706867725162,1,0,moderate_recovery,3.0,4,1,0.7101232852925854,0.12534773359515627,0.004773745645359309,0.029693470506077173,0.14476489768049738,33
Great Indian Bustard,9,2003,-2.617801047120416,0.14761904761904762,0.14761904761904762,0.023649911291013626,-185.47486972437204,1,0,moderate_recovery,3.0,4,1,0.7042534835072624,0.12125675012272952,0.00461794454727317,0.030420233770211552,0.1405071253023214,34
Great Indian Bustard,9,2004,-2.1505376344086002,0.14444444444444443,0.14444444444444443,0.024199909228013645,-187.62540735878065,1,0,moderate_recovery,3.0,4,1,0.7090948809437121,0.11798396334478808,0.004493303668804257,0.031127681067192835,0.13700934240240048,35
Great Indian Bustard,9,2005,-2.7472527472527486,0.14047619047619048,0.14047619047619048,0.024821558272402646,-190.3726601060334,1,0,moderate_recovery,3.0,4,1,0.7029122119415572,0.11389297987236133,0.004337502570718119,0.03192729122304689,0.13254102084068836,36
Great Indian Bustard,9,2006,-2.259887005649719,0.1373015873015873,0.1373015873015873,0.025428100109885825,-192.63254711168312,1,0,moderate_recovery,3.0,4,1,0.7079618931017331,0.11062019309441992,0.004212861692249208,0.032707469392030675,0.12886538457297486,37
Great Indian Bustard,9,2007,-2.8901734104046284,0.13333333333333333,0.13333333333333333,0.026115346058801264,-195.52272052208775,1,0,moderate_recovery,3.0,4,1,0.7014313861089,0.10652920962199314,0.004057060594163067,0.03359145505127424,0.12416460697626036,38
Great Indian Bustard,9,2008,-2.3809523809523836,0.13015873015873017,0.13015873015873017,0.026787622293977922,-197.90367290304013,1,0,moderate_recovery,3.0,4,1,0.7067075137052562,0.10325642284405173,0.003932419715694156,0.03445618557734613,0.1202920616227765,39
Great Indian Bustard,9,2009,-3.0487804878048808,0.1261904761904762,0.1261904761904762,0.02755142415164689,-200.95245339084502,1,0,moderate_recovery,3.0,4,1,0.6997880306116829,0.09916543937162495,0.003776618617608017,0.0354386430072495,0.11533331452380324,40
Great Indian Bustard,9,2010,-2.515723270440251,0.12301587301587301,0.12301587301587301,0.028300730666230955,-203.46817666128527,1,0,moderate_recovery,3.0,4,1,0.705311129094084,0.09589265259368351,0.0036519777391391052,0.03640245547397324,0.11124156848993355,41
Great Indian Bustard,9,2011,-3.2258064516129004,0.11904761904761904,0.11904761904761904,0.0291546320225391,-206.69398311289817,1,0,moderate_recovery,3.0,4,1,0.6979538338309181,0.09180166912125676,0.0034961766410529665,0.037500805423618284,0.1059948941400522,42
Great Indian Bustard,9,2012,-2.0000000000000018,0.11666666666666667,0.11666666666666667,0.026823795692416087,-208.69398311289817,1,0,moderate_recovery,3.0,4,1,0.7106546275395033,0.0893470790378007,0.0034026959822012833,0.034502714429958364,0.10274195604312575,43
Great Indian Bustard,9,2013,-2.0408163265306145,0.11428571428571428,0.11428571428571428,0.020408163265286022,-210.73479943942877,1,0,moderate_recovery,3.0,4,1,0.7102317224858339,0.08689248895434463,0.003309215323349599,0.026250461987421543,0.09942263145442531,44
Great Indian Bustard,9,2014,-2.083333333333337,0.11190476190476191,0.11190476190476191,0.02083333333331252,-212.8181327727621,1,0,moderate_recovery,3.0,4,1,0.7097911963882617,0.08443789887088858,0.003215734664497916,0.02679734661215911,0.09603415427012696,45
Great Indian Bustard,9,2015,-2.8368794326241176,0.10873015873015873,0.10873015873015873,0.02496600415365615,-215.65501220538624,1,0,moderate_recovery,3.0,4,1,0.7019835742759712,0.08116511209294716,0.003091093786029004,0.032113088007686225,0.0914200576787419,46
Great Indian Bustard,9,2016,-2.1897810218978075,0.10634920634920635,0.10634920634920635,0.02557197512825901,-217.84479322728404,1,0,moderate_recovery,3.0,4,1,0.7086882733848511,0.0787105220094911,0.002997613127177321,0.03289253189136736,0.08785844662371295,47
Great Indian Bustard,9,2017,-2.238805970149249,0.10396825396825397,0.10396825396825397,0.02238805970146901,-220.0835991974333,1,0,moderate_recovery,3.0,4,1,0.7081803173747515,0.07625593192603504,0.0029041324683256376,0.028797148598139644,0.08421709800775051,48
Great Indian Bustard,9,2018,-2.2900763358778664,0.10158730158730159,0.10158730158730159,0.022900763358754166,-222.37367553331117,1,0,moderate_recovery,3.0,4,1,0.7076490962038838,0.07380134184257897,0.0028106518094739535,0.029456625283592715,0.08049235972882712,49
Great Indian Bustard,9,2019,4.6875,0.10634920634920635,0.10634920634920635,0.022900763358754166,-217.68617553331117,0,1,moderate_recovery,3.0,4,1,0.7799449774266365,0.0787105220094911,0.002997613127177321,0.029456625283592715,0.08811643339349845,50
Great Indian Bustard,9,2020,3.731343283582089,0.11031746031746031,0.11031746031746031,0.04120376968041013,-213.9548322497291,0,1,moderate_recovery,3.0,4,1,0.770038071493548,0.08280150548191786,0.0031534142252634596,0.052999281497022044,0.09418534775343579,51
Great Indian Bustard,9,2021,3.597122302158273,0.11428571428571428,0.11428571428571428,0.035971223021552964,-210.3577099475708,0,1,moderate_recovery,3.0,4,1,0.7686473845754095,0.08689248895434463,0.003309215323349599,0.04626879990589417,0.10003595584143299,52
Great Indian Bustard,9,2022,4.166666666666674,0.11904761904761904,0.11904761904761904,0.03815868739456207,-206.19104328090413,0,1,moderate_recovery,3.0,4,1,0.7745485327313769,0.09180166912125676,0.0034961766410529665,0.04908247547415014,0.10681291021002981,53
Humpback Whale,10,2000,0.0,0.33707865168539325,1.0,0.0,0.0,0,0,recovering,2.0,0,3,0.7313769751693001,0.3165759295725704,0.038084020416175896,0.0,0.4421762601767602,0
Humpback Whale,10,2001,6.666666666666665,0.3595505617977528,1.0666666666666667,0.04561979233461583,6.666666666666665,0,1,recovering,2.0,0,3,0.8004514672686229,0.3397428472141782,0.04070147886402303,0.05867949060319877,0.453019387166515,1
Humpback Whale,10,2002,6.562500000000004,0.3831460674157303,1.1366666666666667,0.0640021823712039,13.22916666666667,0,1,recovering,2.0,0,3,0.7993721783295711,0.3640681107378663,0.04344981023426254,0.08232425591699924,0.46369309029705486,2
Humpback Whale,10,2003,6.451612903225801,0.40786516853932586,1.21,0.0629939586830863,19.680779569892472,0,1,recovering,2.0,0,3,0.7982232578460641,0.3895517201436349,0.046329014526894384,0.08102740537461026,0.47418643899681756,3
Humpback Whale,10,2004,6.336088154269981,0.4337078651685393,1.2866666666666666,0.06193170213481692,26.016867724162452,0,1,recovering,2.0,0,3,0.7970262858422104,0.4161936754314839,0.0493390917419186,0.07966105384268839,0.48449189026807216,4
Humpback Whale,10,2005,6.217616580310881,0.4606741573033708,1.3666666666666667,0.06083288951534858,32.234484304473334,0,1,recovering,2.0,0,3,0.7957987812722954,0.44399397660141326,0.05248004187933517,0.07824768123665302,0.4946046511911595,5
Humpback Whale,10,2006,6.0975609756097615,0.4887640449438202,1.45,0.05971169932067253,38.33204528008309,0,1,recovering,2.0,0,3,0.7945548642845345,0.47295262365342294,0.055751864939144094,0.07680552496793694,0.504522145389106,6
Humpback Whale,10,2007,6.206896551724128,0.5191011235955056,1.54,0.0596933652633189,44.53894183180722,0,1,recovering,2.0,0,3,0.7956877091928074,0.5042279624695934,0.05928543384373774,0.07678194237163072,0.5146174705174983,7
Humpback Whale,10,2008,6.060606060606055,0.550561797752809,1.6333333333333333,0.05948417110982906,50.59954789241328,0,1,recovering,2.0,0,3,0.7941719679868662,0.5366616471678444,0.06294987567072374,0.07651286165609583,0.5244748586900027,8
Humpback Whale,10,2009,5.91836734693878,0.5831460674157304,1.73,0.058126706901714786,56.51791523935206,0,1,recovering,2.0,0,3,0.792698207951352,0.5702536777481757,0.06674519042010209,0.07476679258896905,0.534100899997234,9
Humpback Whale,10,2010,5.973025048169567,0.6179775280898876,1.8333333333333333,0.05774000328655688,62.490940287521624,0,1,recovering,2.0,0,3,0.793264525894127,0.6061624000926676,0.07080225101426516,0.0742693863100136,0.5438158403637773,10
Humpback Whale,10,2011,5.0909090909091015,0.6494382022471911,1.9266666666666667,0.05375721152412989,67.58184937843073,0,1,recovering,2.0,0,3,0.7841247691360558,0.6385960847909187,0.07446669284125117,0.0691464302456017,0.552096046428681,11
Humpback Whale,10,2012,5.017301038062283,0.6820224719101123,2.0233333333333334,0.04928206677373053,72.59915041649302,0,1,recovering,2.0,0,3,0.7833621033063337,0.6721881153712499,0.07826200759062951,0.06339017400482623,0.5602565312739116,12
Humpback Whale,10,2013,5.107084019769359,0.7168539325842697,2.1266666666666665,0.04937831328784542,77.70623443626238,0,1,recovering,2.0,0,3,0.7842923603854206,0.708096837715742,0.08231906818479258,0.06351397326237589,0.5685630453599677,13
Humpback Whale,10,2014,5.0156739811912265,0.7528089887640449,2.2333333333333334,0.04934933063741711,82.7219084174536,0,1,recovering,2.0,0,3,0.783345245087286,0.7451639059423144,0.08650700170134801,0.06347669367217106,0.5767208838475575,14
Humpback Whale,10,2015,5.074626865671639,0.7910112359550562,2.3466666666666667,0.04921230136972769,87.79653528312524,0,1,recovering,2.0,0,3,0.7839560661702771,0.7845476659330477,0.09095668106268814,0.06330043667462128,0.5849746073770723,15
Humpback Whale,10,2016,4.971590909090917,0.8303370786516854,2.4633333333333334,0.048984204034543205,92.76812619221616,0,1,recovering,2.0,0,3,0.78288849271496,0.8250897718058613,0.09553723334642064,0.06300704131371306,0.5930607461123298,16
Humpback Whale,10,2017,5.006765899864685,0.8719101123595505,2.5866666666666664,0.048676831003128467,97.77489209208085,0,1,recovering,2.0,0,3,0.7832529469083044,0.8679485694428357,0.10037953147493785,0.06261167579393422,0.6012040958813608,17
Humpback Whale,10,2018,3.092783505154628,0.898876404494382,2.6666666666666665,0.03982290330538481,100.86767559723548,0,1,recovering,2.0,0,3,0.763421842638058,0.8957488706127651,0.10352048161235441,0.05122311086294206,0.6062344125260923,18
Humpback Whale,10,2019,2.499999999999991,0.9213483146067416,2.7333333333333334,0.027583825779395856,103.36767559723546,0,1,recovering,2.0,0,3,0.757279909706546,0.9189157882543729,0.10613794006020157,0.03548032033442972,0.6103005851472504,19
Humpback Whale,10,2020,2.4390243902439046,0.9438202247191011,2.8,0.02439024390243867,105.80669998747936,0,1,recovering,2.0,0,3,0.7566481308153938,0.9420827058959806,0.10875539850804869,0.031372503350851316,0.614267582826429,20
Humpback Whale,10,2021,1.7857142857142794,0.9606741573033708,2.85,0.02094563370348421,107.59241427319364,0,1,recovering,2.0,0,3,0.7498790712673329,0.9594578941271865,0.11071849234393406,0.026941795505479156,0.6171719918415419,21
Humpback Whale,10,2022,1.7543859649122862,0.9775280898876404,2.9,0.017543859649122428,109.34680023810593,0,1,recovering,2.0,0,3,0.7495544730901746,0.9768330823583923,0.11268158617981941,0.022566186620787625,0.62002544631253,22
Humpback Whale,10,2023,1.1494252873563315,0.9887640449438202,2.933333333333333,0.014491044981325396,110.49622552546226,0,1,recovering,2.0,0,3,0.7432863703588386,0.9884165411791962,0.11399031540374298,0.018639434646592963,0.6218949509659359,23
Humpback Whale,10,2024,1.1363636363636465,1.0,2.966666666666667,0.011363636363635878,111.6325891618259,0,1,recovering,2.0,0,3,0.7431510363225938,1.0,0.11529904462766656,0.014616734515737131,0.6237432112482806,24
Indian Rhinoceros,11,2006,0.0,0.6415047334329845,1.0,0.0,0.0,0,0,moderate_recovery,3.0,2,2,0.7313769751693001,0.6304172509618398,0.038084020416175896,0.0,0.4421762601767602,0
Indian Rhinoceros,11,2007,1.6310679611650558,0.6519681116093672,1.0163106796116506,0.011440094302709496,1.6310679611650558,0,1,moderate_recovery,3.0,2,2,0.7482767538188433,0.6412042387725435,0.038724408308270536,0.014715080270678369,0.44482914173153515,1
Indian Rhinoceros,11,2008,1.5666794038975862,0.6621823617339312,1.0322330097087378,0.015860256307229755,3.197747365062642,0,1,moderate_recovery,3.0,2,2,0.7476096127853045,0.6517343935401353,0.039349548869601014,0.020400613709901268,0.4473772972908394,2
Indian Rhinoceros,11,2009,1.5801354401805856,0.672645739910314,1.0485436893203883,0.015611662948182276,4.777882805243228,0,1,moderate_recovery,3.0,2,2,0.7477490331160922,0.6625213813508392,0.039989936761695655,0.02008085487432289,0.4499473386766729,3
Indian Rhinoceros,11,2010,1.85185185185186,0.6851021425012457,1.0679611650485437,0.017041662998929705,6.629734657095088,0,1,moderate_recovery,3.0,2,2,0.7505643340857787,0.6753630335064389,0.040752303299903564,0.021920224811058358,0.45295931839604925,4
Indian Rhinoceros,11,2011,1.8181818181818077,0.6975585450921774,1.087378640776699,0.018181818181817556,8.447916475276894,0,1,moderate_recovery,3.0,2,2,0.7502154730145698,0.6882046856620386,0.041514669838111466,0.023386775225179603,0.45591653484780054,5
Indian Rhinoceros,11,2012,1.7857142857142794,0.7100149476831091,1.1067961165048543,0.017857142857142256,10.233630760991174,0,1,moderate_recovery,3.0,2,2,0.7498790712673329,0.7010463378176384,0.04227703637631937,0.022969154239015698,0.45882094386291344,6
Indian Rhinoceros,11,2013,4.842105263157892,0.7443946188340808,1.160388349514563,0.033817598419754645,15.075736024149066,0,1,moderate_recovery,3.0,2,2,0.7815468694309134,0.7364892977670936,0.044381168021773186,0.04349865150940199,0.4666964782028406,7
Indian Rhinoceros,11,2014,4.61847389558232,0.7787742899850523,1.2139805825242718,0.04618473895582174,19.694209919731385,0,1,moderate_recovery,3.0,2,2,0.7792297859609996,0.7719322577165488,0.046485299667227004,0.059406165983638994,0.47420828304514057,8
Indian Rhinoceros,11,2015,4.414587332053732,0.8131539611360239,1.2675728155339805,0.044145873320536,24.108797251785116,0,1,moderate_recovery,3.0,2,2,0.7771172818377575,0.8073752176660041,0.04858943131268082,0.05678362890566653,0.4813884727024638,9
Indian Rhinoceros,11,2016,2.420343137254899,0.8328350772296961,1.298252427184466,0.03385245692820206,26.529140389040016,0,1,moderate_recovery,3.0,2,2,0.7564545711060947,0.8276650280718517,0.04979397044304931,0.043543489054997955,0.48532508590186924,10
Indian Rhinoceros,11,2017,2.333233622494757,0.8522670652715496,1.3285436893203884,0.02348440290699012,28.862374011534772,0,1,moderate_recovery,3.0,2,2,0.7555520142827333,0.8476980054345873,0.05098326224265365,0.03020734486458432,0.4891200181716907,11
Indian Rhinoceros,11,2018,2.309266296404555,0.8719481813652217,1.3592233009708738,0.022944426378731203,31.171640307939327,0,1,moderate_recovery,3.0,2,2,0.7553036846512344,0.8679878158404348,0.05218780137302214,0.029512787831454772,0.492875968327452,12
Indian Rhinoceros,11,2019,1.9142857142857128,0.8886397608370703,1.3852427184466019,0.020904503879396883,33.08592602222504,0,1,moderate_recovery,3.0,2,2,0.7512112221863914,0.8851956297289385,0.05320937253422073,0.026888891338175173,0.495989494791653,13
Indian Rhinoceros,11,2020,1.8502943650126058,0.9050822122571002,1.410873786407767,0.018645035485082864,34.93622038723765,0,1,moderate_recovery,3.0,2,2,0.7505481966939228,0.9021466105743302,0.05421569636465517,0.023982598967533002,0.49899894130689193,14
Indian Rhinoceros,11,2021,1.8442058904486691,0.9217737917289487,1.4368932038834952,0.018302924742237315,36.78042627768632,0,1,moderate_recovery,3.0,2,2,0.7504851129506983,0.9193544244628338,0.05523726752585376,0.023542551280055342,0.5019984851067002,15
Indian Rhinoceros,11,2022,2.837837837837842,0.9479322371699054,1.4776699029126215,0.023351622276036328,39.618264115524155,0,1,moderate_recovery,3.0,2,2,0.7607803062656335,0.9463218939895933,0.056838237256090364,0.030036552772213752,0.5066141405145013,16
Indian Rhinoceros,11,2023,2.7332457293035572,0.9738415545590433,1.5180582524271844,0.027466374292093785,42.35150984482771,0,1,moderate_recovery,3.0,2,2,0.759696609249443,0.9730325304732407,0.0584239596555628,0.0353292457000929,0.5110596800950578,17
Indian Rhinoceros,11,2024,2.6861089792785897,1.0,1.5588349514563107,0.02673100240194054,45.0376188241063,0,1,moderate_recovery,3.0,2,2,0.7592082171893649,1.0,0.060024929385799404,0.03438335695948676,0.5154285532106535,18
White Rhinoceros,12,2000,0.0,0.5720588235294117,1.0,0.0,0.0,0,0,stable,2.0,1,2,0.7313769751693001,0.5588235294117647,0.038084020416175896,0.0,0.4421762601767602,0
White Rhinoceros,12,2001,5.398457583547556,0.6029411764705882,1.0539845758354756,0.03716956797225876,5.398457583547556,0,1,stable,2.0,1,2,0.7873113325247928,0.5906610066707095,0.04020355617728605,0.04781019822613542,0.45095668434584185,1
White Rhinoceros,12,2002,4.878048780487809,0.6323529411764706,1.1053984575835476,0.050045644636880895,10.276506364035365,0,1,stable,2.0,1,2,0.7819192864614876,0.6209824135839903,0.04222216166405762,0.0643723433167094,0.458890679704199,2
White Rhinoceros,12,2003,4.651162790697683,0.6617647058823529,1.1568123393316196,0.04651162790697638,14.927669154733048,0,1,stable,2.0,1,2,0.7795684812851068,0.6513038204972711,0.0442407671508292,0.05982663429697267,0.4664556520226326,3
White Rhinoceros,12,2004,4.814814814814805,0.6936274509803921,1.2125107112253641,0.04625153966340548,19.742483969547852,0,1,stable,2.0,1,2,0.7812641083521442,0.6841520113199919,0.0464275897614984,0.059492089905961915,0.47428679929301104,4
White Rhinoceros,12,2005,4.593639575971742,0.7254901960784313,1.2682090831191088,0.04593639575971702,24.336123545519595,0,1,stable,2.0,1,2,0.7789724732589396,0.7170002021427128,0.048614412372167605,0.05908672892580878,0.4817582118831248,5
White Rhinoceros,12,2006,5.405405405405395,0.7647058823529411,1.3367609254498716,0.048908548977555075,29.741528950924987,0,1,stable,2.0,1,2,0.7873833201146969,0.7574287446937539,0.051305886354529706,0.06290972828402942,0.4905499364694124,6
White Rhinoceros,12,2007,5.128205128205132,0.803921568627451,1.405312767780634,0.051282051282050975,34.86973407913012,0,1,stable,2.0,1,2,0.784511199861087,0.797857287244795,0.0539973603368918,0.06596269935307256,0.49889080338460845,7
White Rhinoceros,12,2008,4.878048780487809,0.8431372549019608,1.4738646101113968,0.04878048780487778,39.74778285961793,0,1,stable,2.0,1,2,0.7819192864614876,0.838285829795836,0.0566888343192539,0.06274500670170319,0.5068247987429656,8
White Rhinoceros,12,2009,4.651162790697683,0.8823529411764706,1.5424164524421593,0.0465116279069765,44.39894565031561,0,1,stable,2.0,1,2,0.7795684812851068,0.878714372346877,0.059380308301615996,0.059826634296972825,0.5143897710613992,9
White Rhinoceros,12,2010,4.444444444444451,0.9215686274509803,1.610968294772922,0.044444444444444224,48.84339009476006,0,1,stable,2.0,1,2,0.7774266365688487,0.919142914897918,0.062071782283978104,0.057167672772662936,0.5216185223879024,10
White Rhinoceros,12,2011,3.1914893617021267,0.9509803921568627,1.662382176520994,0.037493429725454434,52.034879456462185,0,1,stable,2.0,1,2,0.7644445511742951,0.9494643218111988,0.06409038777074968,0.04822677273756652,0.5268093810532105,11
White Rhinoceros,12,2012,3.6082474226804218,0.9852941176470589,1.7223650385604112,0.03348065402391611,55.643126879142606,0,1,stable,2.0,1,2,0.7687626538828513,0.9848392965433598,0.06644542750531651,0.043065249152714695,0.5326780838053974,12
White Rhinoceros,12,2013,1.4925373134328401,1.0,1.7480719794344473,0.025700841933790738,57.13566419257545,0,1,stable,2.0,1,2,0.7468414136989993,1.0,0.0674547302487023,0.03305828973719002,0.5351056495493723,13
White Rhinoceros,12,2014,-0.9803921568627416,0.9901960784313726,1.7309340188517566,0.007549548097126889,56.155272035712706,1,0,stable,2.0,1,2,0.7212189616252821,0.9898928643622399,0.06678186175311178,0.009710777141955725,0.533511072050879,14
White Rhinoceros,12,2015,-2.970297029702973,0.9607843137254902,1.6795201371036848,0.020747501655808687,53.184975006009736,1,0,stable,2.0,1,2,0.7006012113626712,0.9595714574489591,0.0647632562663402,0.026686943673965086,0.528679975867325,15
White Rhinoceros,12,2016,-2.0408163265306145,0.9411764705882353,1.6452442159383034,0.02559265910261275,51.14415867947912,1,0,stable,2.0,1,2,0.7102317224858339,0.9393571861734386,0.06341751927515915,0.032919137121610945,0.5253606512786244,16
White Rhinoceros,12,2017,-1.5625,0.9264705882352942,1.6195372750642674,0.01825936525624408,49.58165867947912,1,0,stable,2.0,1,2,0.7151876410835213,0.9241964827167982,0.06240821653177336,0.023486521905123695,0.5228192933904007,17
White Rhinoceros,12,2018,-1.5873015873015928,0.9117647058823529,1.5938303341902313,0.01587301587301607,47.99435709217752,1,0,stable,2.0,1,2,0.7149306675266042,0.9090357792601578,0.06139891378838757,0.020417025990237116,0.5202375964880781,18
White Rhinoceros,12,2019,-1.0752688172043001,0.9019607843137255,1.5766923736075407,0.013505965000484593,46.91908827497322,1,0,stable,2.0,1,2,0.7202359280565062,0.8989286436223975,0.06072604529279705,0.017372353221601775,0.5184887050381176,19
White Rhinoceros,12,2020,-0.5434782608695676,0.8970588235294118,1.5681233933161953,0.00828675532541785,46.37561001410365,1,0,stable,2.0,1,2,0.7257459024438118,0.8938750758035174,0.06038961104500178,0.010659026627788771,0.5176047544683007,20
White Rhinoceros,12,2021,-0.5464480874316946,0.8921568627450981,1.55955441302485,0.005464480874317579,45.82916192667196,1,0,stable,2.0,1,2,0.7257151315546015,0.8888215079846373,0.06005317679720652,0.0070288122261479395,0.5167159735675011,21
White Rhinoceros,12,2022,-0.5494505494505475,0.8872549019607843,1.5509854327335046,0.005494505494506137,45.27971137722141,1,0,stable,2.0,1,2,0.7256840225237515,0.8837679401657571,0.059716742549411256,0.007067432073544357,0.5158223092551587,22
White Rhinoceros,12,2023,-0.5524861878453025,0.8823529411764706,1.5424164524421593,0.005524861878453685,44.72722518937611,1,0,stable,2.0,1,2,0.7256525697467043,0.878714372346877,0.059380308301615996,0.007106478659586038,0.5149237075709249,23
White Rhinoceros,12,2024,-0.5555555555555536,0.8774509803921569,1.533847472150814,0.005555555555556205,44.17166963382056,1,0,stable,2.0,1,2,0.7256207674943566,0.8736608045279969,0.059043874053820736,0.007145959096583739,0.5140201136551119,24
